transaction_id,merchant_id,customer_id_hash,amount_inr,payment_method,failure_code,failure_category,attempt_number,customer_success_rate,previous_failed_attempts,time_since_failure_minutes,subscription_flag,merchant_category,device_change_flag,recovery_outcome,recovered_amount,event_timestamp
TXN000001,M014,9890092e116a985b,3064.41,netbanking,OTHER,unknown,2,0.459,1,866,False,e_commerce,False,not_recovered,0.0,2026-07-20T11:02:00
TXN000002,M020,45970978741a92de,1224.21,card,UNKNOWN_ERROR,unknown,1,0.186,0,1288,True,subscription,False,not_recovered,0.0,2026-05-19T17:27:00
TXN000003,M008,ccc861c7dc9684b1,325.54,upi,UNKNOWN_ERROR,unknown,3,0.457,2,748,False,subscription,False,not_recovered,0.0,2026-05-05T01:53:00
TXN000004,M018,b8198830933349ba,2857.79,netbanking,UNKNOWN_ERROR,unknown,1,0.815,0,1141,False,e_commerce,False,not_recovered,0.0,2026-07-24T16:11:00
TXN000005,M013,7ccdd8deb96b30d1,23058.85,upi,UNKNOWN_ERROR,unknown,1,0.596,1,1343,False,education,False,not_recovered,0.0,2026-07-14T15:35:00
TXN000006,M024,83038a07fdcc591a,943.99,card,OTHER,unknown,3,0.68,2,284,False,e_commerce,False,not_recovered,0.0,2026-07-25T20:16:00
TXN000007,M022,cbe4058228c83948,26947.95,upi,UNKNOWN_ERROR,unknown,1,0.763,1,1134,False,education,False,not_recovered,0.0,2026-05-24T14:54:00
TXN000008,M010,042f8d51be818f43,1903.61,upi,UNKNOWN_ERROR,unknown,1,0.57,1,1026,False,e_commerce,False,not_recovered,0.0,2026-07-18T02:40:00
TXN000009,M020,7021f87aec21ac07,1156.09,wallet,UNKNOWN_ERROR,unknown,1,0.759,1,1001,True,subscription,True,recovered,1156.09,2026-06-22T15:50:00
TXN000010,M003,c07d9647752dc635,1003.4,card,OTHER,unknown,3,0.447,3,974,False,e_commerce,False,not_recovered,0.0,2026-05-25T03:18:00
TXN000011,M018,d4bee9b94eebe7f2,1804.31,card,OTHER,unknown,1,0.544,1,1060,False,e_commerce,False,not_recovered,0.0,2026-05-22T16:09:00
TXN000012,M023,5c1b9db110b2ae56,17728.1,wallet,UNKNOWN_ERROR,unknown,1,0.465,0,488,False,education,False,not_recovered,0.0,2026-05-23T19:30:00
TXN000013,M019,e2f42113de792a62,275.9,upi,UNKNOWN_ERROR,unknown,2,0.144,1,883,False,e_commerce,False,not_recovered,0.0,2026-05-09T01:57:00
TXN000014,M011,3e993cbbadaa52c9,1834.99,wallet,UNKNOWN_ERROR,unknown,1,0.435,1,571,False,utilities,False,not_recovered,0.0,2026-07-22T08:53:00
TXN000015,M004,eae466bbcfe88ad3,11555.89,emi,UNKNOWN_ERROR,unknown,4,0.326,3,438,False,utilities,False,not_recovered,0.0,2026-06-03T14:16:00
TXN000016,M026,47387c5b2615074d,496.48,emi,OTHER,unknown,1,0.561,0,643,True,subscription,True,recovered,496.48,2026-05-28T05:53:00
TXN000017,M003,fee1cb131850988b,763.25,wallet,UNKNOWN_ERROR,unknown,2,0.633,2,1167,False,e_commerce,False,not_recovered,0.0,2026-05-18T04:43:00
TXN000018,M007,5b198eea66221735,366.67,card,UNKNOWN_ERROR,unknown,1,0.308,1,149,True,subscription,True,not_recovered,0.0,2026-05-20T20:36:00
TXN000019,M009,2413ff8f639d515b,50.0,card,OTHER,unknown,3,0.264,2,1113,False,utilities,False,not_recovered,0.0,2026-07-30T01:13:00
TXN000020,M022,27cbdde801b3160a,702.25,card,UNKNOWN_ERROR,unknown,1,0.449,0,578,False,education,False,not_recovered,0.0,2026-07-05T00:33:00
TXN000021,M016,19324cbad4b0c749,335.78,card,UNKNOWN_ERROR,unknown,1,0.437,0,684,False,food_delivery,False,not_recovered,0.0,2026-05-22T09:25:00
TXN000022,M029,da086c73118bff01,845.13,card,UNKNOWN_ERROR,unknown,3,0.491,3,86,False,utilities,False,not_recovered,0.0,2026-07-26T11:48:00
TXN000023,M004,6d3b84dc924fef27,1661.69,wallet,OTHER,unknown,4,0.542,4,333,False,utilities,False,not_recovered,0.0,2026-06-19T09:57:00
TXN000024,M026,dc478be453202a98,50.0,wallet,OTHER,unknown,2,0.865,1,456,True,subscription,False,not_recovered,0.0,2026-06-17T13:35:00
TXN000025,M008,473d77496a591686,352.34,card,INVALID_CARD,expired_or_invalid_method,1,0.623,0,1314,True,subscription,False,not_recovered,0.0,2026-07-28T20:04:00
TXN000026,M019,e61811cb5e3a4b44,233.4,netbanking,BANK_TIMEOUT,temporary_bank_or_network,2,0.521,1,1242,False,e_commerce,False,recovered,233.4,2026-05-19T17:31:00
TXN000027,M001,0644008ea221eab4,2002.14,netbanking,TIMEOUT_ABANDONED,customer_abandonment,1,0.839,1,404,False,utilities,False,not_recovered,0.0,2026-06-21T01:22:00
TXN000028,M010,683faf535d26509e,2365.94,upi,GATEWAY_TIMEOUT,temporary_bank_or_network,1,0.626,0,393,False,e_commerce,False,recovered,2365.94,2026-05-06T18:04:00
TXN000029,M018,201f07de26bbfcc8,2030.38,upi,GATEWAY_TIMEOUT,temporary_bank_or_network,1,0.464,1,905,False,e_commerce,False,recovered,2030.38,2026-07-10T01:31:00
TXN000030,M021,20f25a3e6be42ae6,930.86,wallet,BANK_TIMEOUT,temporary_bank_or_network,1,0.212,0,51,False,subscription,True,recovered,930.86,2026-05-14T21:31:00
TXN000031,M019,6ee785b22401b7a2,2998.26,upi,OTP_FAILED,authentication_failure,1,0.45,0,12,False,e_commerce,False,not_recovered,0.0,2026-07-03T18:00:00
TXN000032,M015,eae466bbcfe88ad3,2997.38,netbanking,CARD_EXPIRED,expired_or_invalid_method,3,0.629,2,1368,False,education,False,not_recovered,0.0,2026-06-21T08:54:00
TXN000033,M017,b8f11db1fe1291b4,2188.14,upi,RISK_BLOCKED,suspected_risk,1,0.609,0,531,False,e_commerce,False,not_recovered,0.0,2026-05-30T02:37:00
TXN000034,M023,3a3b7d81d8525b1d,9893.57,upi,GATEWAY_TIMEOUT,temporary_bank_or_network,1,0.116,1,785,False,education,False,recovered,9893.57,2026-07-23T09:51:00
TXN000035,M014,1dd2be1766e04187,2637.43,upi,NETWORK_ERROR,temporary_bank_or_network,1,0.483,1,1180,False,e_commerce,False,not_recovered,0.0,2026-06-08T05:38:00
TXN000036,M020,9890092e116a985b,610.35,wallet,INSUFFICIENT_BALANCE,insufficient_funds,1,0.508,0,829,True,subscription,False,not_recovered,0.0,2026-07-15T02:46:00
TXN000037,M019,c574f51425f4f4e4,1337.02,netbanking,INVALID_CARD,expired_or_invalid_method,1,0.299,0,103,False,e_commerce,False,not_recovered,0.0,2026-06-13T14:31:00
TXN000038,M009,31f1f472c7bd2692,1784.25,card,INSUFFICIENT_BALANCE,insufficient_funds,2,0.675,1,1332,False,utilities,True,not_recovered,0.0,2026-07-26T22:57:00
TXN000039,M001,5625db869a5ab0a5,643.66,card,GATEWAY_TIMEOUT,temporary_bank_or_network,1,0.391,0,1433,False,utilities,False,not_recovered,0.0,2026-07-17T18:25:00
TXN000040,M001,224bb43c1b5363f7,1800.75,upi,CARD_EXPIRED,expired_or_invalid_method,3,0.556,2,156,False,utilities,False,not_recovered,0.0,2026-06-30T20:32:00
TXN000041,M022,b337b68d7c27dd68,14281.65,upi,3DS_FAILED,authentication_failure,2,0.388,1,759,False,education,True,not_recovered,0.0,2026-05-30T20:24:00
TXN000042,M029,0fe0020e012001c5,1123.42,netbanking,OTP_FAILED,authentication_failure,1,0.586,1,1262,False,utilities,False,recovered,1123.42,2026-05-31T08:08:00
TXN000043,M009,3988877abeb1774a,932.83,upi,USER_CANCELLED,customer_abandonment,3,0.365,2,952,False,utilities,False,not_recovered,0.0,2026-06-20T17:48:00
TXN000044,M009,56312dba2e68bd14,726.85,upi,GATEWAY_TIMEOUT,temporary_bank_or_network,2,0.536,1,392,False,utilities,False,not_recovered,0.0,2026-05-30T05:03:00
TXN000045,M021,2d576f5dd191da1f,340.04,upi,INSUFFICIENT_BALANCE,insufficient_funds,1,0.499,0,1192,True,subscription,False,recovered,340.04,2026-05-22T12:43:00
TXN000046,M010,19324cbad4b0c749,1527.65,emi,NETWORK_ERROR,temporary_bank_or_network,2,0.328,1,1414,False,e_commerce,False,not_recovered,0.0,2026-05-31T14:34:00
TXN000047,M017,fe58eab76bd6843f,1992.31,upi,UNKNOWN_ERROR,unknown,3,0.203,2,29,False,e_commerce,False,not_recovered,0.0,2026-06-24T00:12:00
TXN000048,M025,2d576f5dd191da1f,16634.77,upi,BANK_TIMEOUT,temporary_bank_or_network,1,0.455,0,378,False,education,False,not_recovered,0.0,2026-05-31T20:07:00
TXN000049,M003,5254ff1e0bbafd05,2925.77,upi,INVALID_UPI_ID,expired_or_invalid_method,1,0.88,0,175,False,e_commerce,False,not_recovered,0.0,2026-05-13T16:18:00
TXN000050,M030,1ad9e1a145be2b51,23639.54,upi,GATEWAY_TIMEOUT,temporary_bank_or_network,2,0.463,1,1249,False,education,False,recovered,23639.54,2026-07-05T02:39:00
TXN000051,M006,04fb316a61b3900d,475.11,netbanking,NETWORK_ERROR,temporary_bank_or_network,1,0.58,0,67,True,subscription,False,not_recovered,0.0,2026-05-05T16:02:00
TXN000052,M021,0cf63fe58cd19d3b,149.53,upi,INSUFFICIENT_BALANCE,insufficient_funds,2,0.449,1,340,True,subscription,False,not_recovered,0.0,2026-05-20T14:09:00
TXN000053,M010,09ac5e1c7e07c2b8,2440.41,emi,MANDATE_FAILED,subscription_failure,1,0.744,0,661,True,e_commerce,False,not_recovered,0.0,2026-05-19T03:58:00
TXN000054,M022,cc021c0592fe43ab,15875.01,upi,CARD_EXPIRED,expired_or_invalid_method,2,0.561,1,570,False,education,False,not_recovered,0.0,2026-05-11T07:13:00
TXN000055,M014,b9e9c96e1fb017ad,566.45,card,INSUFFICIENT_BALANCE,insufficient_funds,1,0.512,0,591,False,e_commerce,False,recovered,566.45,2026-07-20T13:16:00
TXN000056,M025,49b49637f105c3db,22424.0,netbanking,USER_CANCELLED,customer_abandonment,3,0.6,2,847,False,education,True,not_recovered,0.0,2026-05-13T07:00:00
TXN000057,M007,7a83854002bf6592,611.84,emi,CARD_EXPIRED,expired_or_invalid_method,1,0.257,1,1291,False,subscription,False,recovered,611.84,2026-05-22T10:05:00
TXN000058,M030,57dac8968e8d5d2b,19394.33,upi,INSUFFICIENT_BALANCE,insufficient_funds,1,0.607,0,1043,False,education,False,recovered,19394.33,2026-05-31T07:53:00
TXN000059,M013,f4af42fabdfc3ab9,165233.09,upi,TIMEOUT_ABANDONED,customer_abandonment,1,0.57,0,850,False,education,False,not_recovered,0.0,2026-05-17T04:13:00
TXN000060,M005,422fb1de3540caa8,5551.04,wallet,CARD_EXPIRED,expired_or_invalid_method,1,0.57,1,660,False,travel,False,not_recovered,0.0,2026-07-01T04:29:00
TXN000061,M014,64a04e13cdb6308a,1552.9,wallet,INSUFFICIENT_BALANCE,insufficient_funds,1,0.525,0,1336,False,e_commerce,False,not_recovered,0.0,2026-05-17T12:41:00
TXN000062,M015,dad43e187d7c91f5,15060.46,upi,CARD_EXPIRED,expired_or_invalid_method,1,0.508,1,317,False,education,True,not_recovered,0.0,2026-06-28T12:27:00
TXN000063,M003,2786832b1d1b8194,2130.26,upi,USER_CANCELLED,customer_abandonment,3,0.79,2,1000,False,e_commerce,False,not_recovered,0.0,2026-06-25T16:15:00
TXN000064,M004,dad43e187d7c91f5,1250.52,upi,INSUFFICIENT_BALANCE,insufficient_funds,2,0.421,1,601,False,utilities,False,not_recovered,0.0,2026-06-30T05:53:00
TXN000065,M006,20a40cfdbd850e34,384.49,card,NETWORK_ERROR,temporary_bank_or_network,1,0.577,1,294,True,subscription,False,recovered,384.49,2026-06-02T14:11:00
TXN000066,M015,168c7ce51b84be83,8659.29,upi,UNKNOWN_ERROR,unknown,1,0.574,0,619,False,education,False,not_recovered,0.0,2026-05-31T20:22:00
TXN000067,M019,1f2c03763f889524,3750.74,upi,OTHER,unknown,1,0.202,1,1405,False,e_commerce,False,not_recovered,0.0,2026-06-25T16:09:00
TXN000068,M021,f09b5f597d2ec348,491.15,upi,INVALID_UPI_ID,expired_or_invalid_method,2,0.409,2,199,True,subscription,False,recovered,491.15,2026-06-22T08:58:00
TXN000069,M005,9acafe46340c0cc3,5465.65,wallet,TIMEOUT_ABANDONED,customer_abandonment,1,0.154,0,1105,False,travel,False,not_recovered,0.0,2026-07-10T15:14:00
TXN000070,M026,1f2c03763f889524,864.38,upi,OTP_FAILED,authentication_failure,1,0.554,0,1386,True,subscription,False,recovered,864.38,2026-05-21T11:31:00
TXN000071,M009,530ed10fd420e392,1540.3,card,BANK_TIMEOUT,temporary_bank_or_network,1,0.628,1,1308,False,utilities,False,not_recovered,0.0,2026-05-21T12:49:00
TXN000072,M003,1de64c734f0fa208,2213.42,card,TIMEOUT_ABANDONED,customer_abandonment,1,0.081,0,77,False,e_commerce,False,not_recovered,0.0,2026-07-19T16:00:00
TXN000073,M015,9ba323d1f37963f7,7009.17,card,INVALID_CARD,expired_or_invalid_method,2,0.581,2,317,False,education,False,not_recovered,0.0,2026-06-26T22:53:00
TXN000074,M015,0da0cb1e238dc394,3254.25,netbanking,USER_CANCELLED,customer_abandonment,1,0.635,1,1321,False,education,False,not_recovered,0.0,2026-07-07T19:50:00
TXN000075,M003,3beb4a5e00a3f708,2270.44,card,INVALID_CARD,expired_or_invalid_method,2,0.192,1,258,False,e_commerce,False,not_recovered,0.0,2026-05-17T16:38:00
TXN000076,M025,b64ce2483531c221,28559.33,card,3DS_FAILED,authentication_failure,2,0.502,1,267,False,education,False,not_recovered,0.0,2026-07-17T01:27:00
TXN000077,M012,dafdcaec6b241397,1802.87,card,INVALID_UPI_ID,expired_or_invalid_method,1,0.397,0,1078,False,utilities,False,not_recovered,0.0,2026-05-17T20:17:00
TXN000078,M020,64a04e13cdb6308a,727.21,netbanking,OTP_FAILED,authentication_failure,2,0.711,1,125,False,subscription,False,recovered,727.21,2026-06-07T00:35:00
TXN000079,M015,f99c86d3832d9b87,13269.86,upi,USER_CANCELLED,customer_abandonment,1,0.17,0,1297,False,education,False,not_recovered,0.0,2026-06-24T08:31:00
TXN000080,M026,2ccc0f0dc0504fc9,314.48,upi,USER_CANCELLED,customer_abandonment,2,0.648,2,468,True,subscription,False,not_recovered,0.0,2026-06-10T09:49:00
TXN000081,M011,a69dfb03fd3a0c43,1180.31,upi,INSUFFICIENT_BALANCE,insufficient_funds,1,0.449,0,191,False,utilities,False,not_recovered,0.0,2026-07-24T03:59:00
TXN000082,M022,f2b760dccb70b1f6,7761.77,upi,INSUFFICIENT_BALANCE,insufficient_funds,3,0.795,2,590,False,education,False,recovered,7761.77,2026-05-19T06:41:00
TXN000083,M008,1a8dbcd2684fc6a6,772.44,netbanking,INSUFFICIENT_BALANCE,insufficient_funds,1,0.691,0,1149,True,subscription,False,not_recovered,0.0,2026-07-28T03:13:00
TXN000084,M009,9b29ee2d9f7f3fbc,447.9,upi,NETWORK_ERROR,temporary_bank_or_network,2,0.636,1,372,False,utilities,False,recovered,447.9,2026-06-10T21:38:00
TXN000085,M001,ad543cb92642fec3,1330.38,upi,OTP_FAILED,authentication_failure,1,0.306,0,639,False,utilities,False,recovered,1330.38,2026-07-25T18:42:00
TXN000086,M022,31f1f472c7bd2692,5425.94,upi,GATEWAY_TIMEOUT,temporary_bank_or_network,2,0.511,1,442,False,education,False,recovered,5425.94,2026-06-06T20:13:00
TXN000087,M016,c1bebf6aa78d20d8,479.48,netbanking,INVALID_CARD,expired_or_invalid_method,1,0.52,0,419,False,food_delivery,False,recovered,479.48,2026-06-20T19:55:00
TXN000088,M006,6959a5c65fadf78b,758.19,upi,INSUFFICIENT_BALANCE,insufficient_funds,1,0.439,1,87,True,subscription,False,not_recovered,0.0,2026-07-22T13:19:00
TXN000089,M023,26852c25419e075e,17820.9,upi,GATEWAY_TIMEOUT,temporary_bank_or_network,1,0.56,0,943,False,education,False,recovered,17820.9,2026-06-30T09:08:00
TXN000090,M013,5fd124b989afb2a8,13443.88,netbanking,OTP_FAILED,authentication_failure,1,0.355,0,1087,False,education,False,not_recovered,0.0,2026-06-17T12:01:00
TXN000091,M027,b64ce2483531c221,2004.53,wallet,GATEWAY_TIMEOUT,temporary_bank_or_network,1,0.163,0,1343,False,utilities,True,recovered,2004.53,2026-05-20T04:14:00
TXN000092,M019,3988877abeb1774a,1418.69,upi,USER_CANCELLED,customer_abandonment,2,0.454,1,1294,False,e_commerce,False,not_recovered,0.0,2026-07-24T12:00:00
TXN000093,M015,021c4d81164bd0a5,6648.38,upi,BANK_TIMEOUT,temporary_bank_or_network,3,0.811,2,185,False,education,False,not_recovered,0.0,2026-07-26T08:39:00
TXN000094,M007,a6a5ce4737be2dde,585.15,netbanking,INVALID_UPI_ID,expired_or_invalid_method,4,0.501,3,704,True,subscription,False,not_recovered,0.0,2026-05-10T18:07:00
TXN000095,M015,f1948e8e3948f941,25020.83,upi,CARD_EXPIRED,expired_or_invalid_method,1,0.653,0,693,False,education,False,not_recovered,0.0,2026-06-19T20:47:00
TXN000096,M009,dc9a571e754cd8fa,1473.72,upi,INSUFFICIENT_BALANCE,insufficient_funds,2,0.613,1,1344,False,utilities,False,recovered,1473.72,2026-05-16T21:07:00
TXN000097,M026,2786832b1d1b8194,347.96,netbanking,RISK_BLOCKED,suspected_risk,3,0.955,3,192,True,subscription,True,not_recovered,0.0,2026-07-08T16:42:00
TXN000098,M007,f9210b263bf5af98,731.62,card,OTHER,unknown,1,0.524,0,1079,True,subscription,True,not_recovered,0.0,2026-05-13T19:32:00
TXN000099,M006,b997d5dc9e055cc6,646.17,wallet,OTP_FAILED,authentication_failure,1,0.341,1,584,True,subscription,False,recovered,646.17,2026-06-01T17:23:00
TXN000100,M015,2faad977983c9bad,9646.73,wallet,3DS_FAILED,authentication_failure,2,0.747,2,409,False,education,False,not_recovered,0.0,2026-06-29T22:14:00
TXN000101,M018,df0a9ec21f634d04,108.74,wallet,OTP_FAILED,authentication_failure,1,0.524,0,559,False,e_commerce,False,not_recovered,0.0,2026-07-03T08:37:00
TXN000102,M014,53da7a61918b90f5,1657.77,card,INSUFFICIENT_BALANCE,insufficient_funds,1,0.685,0,58,False,e_commerce,False,not_recovered,0.0,2026-05-09T12:34:00
TXN000103,M010,b6bed76be468b696,1909.68,netbanking,OTP_FAILED,authentication_failure,1,0.542,1,163,False,e_commerce,True,recovered,1909.68,2026-05-15T06:00:00
TXN000104,M008,9709850a015d5f9d,6600.16,card,BANK_TIMEOUT,temporary_bank_or_network,2,0.284,2,1024,True,subscription,False,recovered,6600.16,2026-07-01T19:06:00
TXN000105,M012,6e744e0ff0250f1c,185.92,card,CARD_EXPIRED,expired_or_invalid_method,1,0.53,1,139,False,utilities,False,not_recovered,0.0,2026-07-29T10:41:00
TXN000106,M013,3b1e864675defd75,11396.43,upi,GATEWAY_TIMEOUT,temporary_bank_or_network,1,0.539,0,1287,False,education,False,recovered,11396.43,2026-06-19T19:27:00
TXN000107,M027,aa9f45b2563e92a4,1308.73,upi,RISK_BLOCKED,suspected_risk,2,0.33,2,277,False,utilities,True,not_recovered,0.0,2026-07-26T17:12:00
TXN000108,M010,b264a0d73b66f0a7,817.82,card,INSUFFICIENT_BALANCE,insufficient_funds,3,0.503,2,392,False,e_commerce,False,not_recovered,0.0,2026-07-25T01:38:00
TXN000109,M012,cfeefcd5d665e208,1845.62,emi,USER_CANCELLED,customer_abandonment,2,0.263,1,1418,False,utilities,False,not_recovered,0.0,2026-06-07T21:19:00
TXN000110,M006,337981dfccf2dfc3,433.76,wallet,GATEWAY_TIMEOUT,temporary_bank_or_network,1,0.455,0,873,True,subscription,False,not_recovered,0.0,2026-06-04T22:34:00
TXN000111,M020,042f8d51be818f43,281.88,card,GATEWAY_TIMEOUT,temporary_bank_or_network,4,0.539,3,1051,False,subscription,False,not_recovered,0.0,2026-05-15T00:52:00
TXN000112,M003,0da0cb1e238dc394,50.0,upi,3DS_FAILED,authentication_failure,1,0.491,0,315,False,e_commerce,False,not_recovered,0.0,2026-06-14T08:51:00
TXN000113,M017,c5844ed7052b8e2a,923.45,upi,INSUFFICIENT_BALANCE,insufficient_funds,2,0.493,1,382,False,e_commerce,False,recovered,923.45,2026-06-28T08:47:00
TXN000114,M023,2d576f5dd191da1f,21279.49,card,NETWORK_ERROR,temporary_bank_or_network,1,0.675,0,912,False,education,False,recovered,21279.49,2026-06-21T01:13:00
TXN000115,M018,93899ac8ad7337d0,1342.87,card,USER_CANCELLED,customer_abandonment,3,0.705,3,357,False,e_commerce,False,not_recovered,0.0,2026-07-14T15:56:00
TXN000116,M018,a781d22591994bc8,1774.83,upi,INSUFFICIENT_BALANCE,insufficient_funds,3,0.507,3,135,False,e_commerce,False,not_recovered,0.0,2026-05-31T06:04:00
TXN000117,M019,f99c86d3832d9b87,2342.97,wallet,BANK_TIMEOUT,temporary_bank_or_network,1,0.565,0,706,False,e_commerce,False,recovered,2342.97,2026-07-15T09:14:00
TXN000118,M027,d548e88528cee8e6,532.18,upi,CARD_EXPIRED,expired_or_invalid_method,1,0.516,0,709,False,utilities,False,recovered,532.18,2026-06-25T21:19:00
TXN000119,M018,ade4ef4710112fc6,2547.31,upi,BANK_TIMEOUT,temporary_bank_or_network,1,0.367,1,1213,False,e_commerce,False,not_recovered,0.0,2026-05-15T12:29:00
TXN000120,M027,9b29ee2d9f7f3fbc,1925.16,upi,BANK_TIMEOUT,temporary_bank_or_network,4,0.238,4,1172,False,utilities,False,not_recovered,0.0,2026-05-29T02:36:00
TXN000121,M010,d6476d5c8d8414c0,932.29,upi,GATEWAY_TIMEOUT,temporary_bank_or_network,3,0.185,2,123,False,e_commerce,False,not_recovered,0.0,2026-07-13T13:20:00
TXN000122,M028,168c7ce51b84be83,1539.07,card,UNKNOWN_ERROR,unknown,1,0.311,0,496,False,utilities,False,not_recovered,0.0,2026-06-30T19:12:00
TXN000123,M013,43d15c25289da79f,28432.06,wallet,GATEWAY_TIMEOUT,temporary_bank_or_network,3,0.874,2,641,False,education,False,recovered,28432.06,2026-06-22T07:02:00
TXN000124,M017,096d71c404b05404,4316.82,wallet,AUTO_DEBIT_FAILED,subscription_failure,1,0.439,0,1340,True,e_commerce,False,not_recovered,0.0,2026-07-30T20:20:00
TXN000125,M024,03c95e637743e058,2754.4,card,OTP_FAILED,authentication_failure,1,0.306,0,743,False,e_commerce,False,not_recovered,0.0,2026-06-26T02:44:00
TXN000126,M004,74bf6d8751ad101c,1516.84,netbanking,INSUFFICIENT_BALANCE,insufficient_funds,4,0.847,4,408,False,utilities,False,recovered,1516.84,2026-07-26T22:28:00
TXN000127,M026,c6a75c801e7374f4,170.88,netbanking,CARD_EXPIRED,expired_or_invalid_method,3,0.471,2,333,True,subscription,False,not_recovered,0.0,2026-05-28T06:37:00
TXN000128,M010,da3003a85d5722b6,643.28,upi,RISK_BLOCKED,suspected_risk,1,0.263,1,631,False,e_commerce,False,not_recovered,0.0,2026-05-04T02:32:00
TXN000129,M021,494b10c4cf365e24,567.96,upi,CARD_EXPIRED,expired_or_invalid_method,2,0.623,1,779,True,subscription,False,recovered,567.96,2026-07-17T17:30:00
TXN000130,M005,36c9afdadc9f7cb3,7966.44,upi,OTP_FAILED,authentication_failure,1,0.897,1,128,False,travel,False,not_recovered,0.0,2026-05-21T12:55:00
TXN000131,M013,5b198eea66221735,11410.81,card,AUTO_DEBIT_FAILED,subscription_failure,1,0.563,1,1395,True,education,False,not_recovered,0.0,2026-06-30T14:29:00
TXN000132,M010,a76bd36218abd356,642.32,upi,OTP_FAILED,authentication_failure,2,0.333,1,561,False,e_commerce,False,not_recovered,0.0,2026-05-23T11:03:00
TXN000133,M012,56eab9e7349423a5,800.33,card,GATEWAY_TIMEOUT,temporary_bank_or_network,1,0.502,1,1344,False,utilities,False,recovered,800.33,2026-05-21T00:15:00
TXN000134,M024,04fb316a61b3900d,1879.26,card,GATEWAY_TIMEOUT,temporary_bank_or_network,2,0.229,2,206,False,e_commerce,False,not_recovered,0.0,2026-07-19T00:45:00
TXN000135,M018,049108352b5e1c1d,603.96,netbanking,INSUFFICIENT_BALANCE,insufficient_funds,4,0.338,3,589,False,e_commerce,False,not_recovered,0.0,2026-05-19T16:05:00
TXN000136,M030,021c4d81164bd0a5,1999.86,upi,TIMEOUT_ABANDONED,customer_abandonment,1,0.485,0,814,False,education,False,recovered,1999.86,2026-06-24T22:44:00
TXN000137,M004,20f25a3e6be42ae6,815.19,netbanking,GATEWAY_TIMEOUT,temporary_bank_or_network,4,0.707,4,275,False,utilities,False,not_recovered,0.0,2026-07-11T08:21:00
TXN000138,M001,040c919bd253aa2b,1278.38,card,3DS_FAILED,authentication_failure,2,0.516,1,831,False,utilities,False,not_recovered,0.0,2026-07-20T10:20:00
TXN000139,M005,b358b2f3c775d1ea,64048.01,card,INSUFFICIENT_BALANCE,insufficient_funds,1,0.415,0,547,False,travel,False,recovered,64048.01,2026-05-04T15:57:00
TXN000140,M010,dca041263b4c9256,3165.74,card,INSUFFICIENT_BALANCE,insufficient_funds,1,0.73,1,1309,False,e_commerce,False,recovered,3165.74,2026-05-14T16:28:00
TXN000141,M005,0364e46df735f21f,12486.59,upi,OTP_FAILED,authentication_failure,2,0.807,1,1101,False,travel,False,not_recovered,0.0,2026-05-16T21:13:00
TXN000142,M012,5254027bb48441f5,296.11,card,TIMEOUT_ABANDONED,customer_abandonment,1,0.553,1,1100,False,utilities,False,recovered,296.11,2026-05-26T08:56:00
TXN000143,M019,867e3c1c86770a65,545.52,card,BANK_TIMEOUT,temporary_bank_or_network,1,0.483,0,936,False,e_commerce,False,recovered,545.52,2026-07-29T10:30:00
TXN000144,M007,494b10c4cf365e24,438.08,card,BANK_TIMEOUT,temporary_bank_or_network,2,0.964,2,142,True,subscription,False,recovered,438.08,2026-06-25T10:03:00
TXN000145,M021,23d9cbfc42af3ab9,999.22,netbanking,INSUFFICIENT_BALANCE,insufficient_funds,1,0.529,0,1356,False,subscription,False,not_recovered,0.0,2026-05-24T10:36:00
TXN000146,M008,d15aa6f88f800b3a,1041.46,netbanking,OTP_FAILED,authentication_failure,1,0.538,1,471,False,subscription,False,not_recovered,0.0,2026-06-26T17:34:00
TXN000147,M004,38d2c7e18c74de35,435.75,upi,RISK_BLOCKED,suspected_risk,1,0.154,0,1217,False,utilities,True,not_recovered,0.0,2026-07-26T10:17:00
TXN000148,M025,b4541dddc1357643,8260.34,card,NETWORK_ERROR,temporary_bank_or_network,4,0.774,3,654,False,education,False,recovered,8260.34,2026-06-20T15:55:00
TXN000149,M022,3ee57b291d49a0dc,7127.22,upi,NETWORK_ERROR,temporary_bank_or_network,1,0.574,0,359,False,education,False,recovered,7127.22,2026-05-10T01:06:00
TXN000150,M023,32c865ee780235dc,18875.22,emi,INSUFFICIENT_BALANCE,insufficient_funds,1,0.614,0,462,False,education,False,not_recovered,0.0,2026-06-02T22:02:00
TXN000151,M018,6d34997414089b11,3008.19,upi,BANK_TIMEOUT,temporary_bank_or_network,1,0.205,0,922,False,e_commerce,False,not_recovered,0.0,2026-06-27T11:08:00
TXN000152,M028,b6a538ced1bbe6e1,1728.83,emi,NETWORK_ERROR,temporary_bank_or_network,2,0.444,2,428,False,utilities,False,not_recovered,0.0,2026-07-30T16:47:00
TXN000153,M004,4f17be2ede21e8ba,1061.35,wallet,TIMEOUT_ABANDONED,customer_abandonment,2,0.56,2,1131,False,utilities,False,not_recovered,0.0,2026-06-22T15:05:00
TXN000154,M015,4b895fd593d43f6e,23223.55,wallet,3DS_FAILED,authentication_failure,2,0.643,1,848,False,education,True,recovered,23223.55,2026-07-13T23:27:00
TXN000155,M019,26852c25419e075e,2565.81,upi,GATEWAY_TIMEOUT,temporary_bank_or_network,1,0.607,0,1023,False,e_commerce,False,not_recovered,0.0,2026-05-30T02:06:00
TXN000156,M024,d20a47077990b793,1515.92,card,NETWORK_ERROR,temporary_bank_or_network,2,0.537,1,1315,False,e_commerce,False,recovered,1515.92,2026-07-22T01:12:00
TXN000157,M005,fdbf14d82ec25777,18093.95,upi,BANK_TIMEOUT,temporary_bank_or_network,1,0.439,0,1266,False,travel,False,recovered,18093.95,2026-07-29T23:47:00
TXN000158,M001,6d34997414089b11,665.35,upi,OTP_FAILED,authentication_failure,1,0.415,0,1381,False,utilities,False,not_recovered,0.0,2026-07-09T20:21:00
TXN000159,M008,2db847c356aad5fc,814.26,upi,INVALID_UPI_ID,expired_or_invalid_method,1,0.519,0,941,True,subscription,False,not_recovered,0.0,2026-07-21T01:42:00
TXN000160,M002,156555c6b50bea16,1760.5,wallet,INSUFFICIENT_BALANCE,insufficient_funds,1,0.033,0,351,False,e_commerce,False,not_recovered,0.0,2026-05-10T12:42:00
TXN000161,M004,1d18e5f3e50ea6d1,1005.1,wallet,TIMEOUT_ABANDONED,customer_abandonment,1,0.682,1,96,False,utilities,False,recovered,1005.1,2026-05-08T22:53:00
TXN000162,M001,0e2434f3391a51d7,754.01,upi,INVALID_UPI_ID,expired_or_invalid_method,2,0.875,2,613,False,utilities,False,not_recovered,0.0,2026-06-12T00:54:00
TXN000163,M025,d6fad48d237fdc8a,15333.9,netbanking,3DS_FAILED,authentication_failure,2,0.738,1,110,False,education,False,recovered,15333.9,2026-05-14T03:41:00
TXN000164,M001,3ad3c6017059a59f,1437.09,card,3DS_FAILED,authentication_failure,1,0.648,0,885,False,utilities,False,not_recovered,0.0,2026-06-13T21:05:00
TXN000165,M008,f99c86d3832d9b87,857.43,card,BANK_TIMEOUT,temporary_bank_or_network,2,0.272,2,739,True,subscription,False,recovered,857.43,2026-06-27T20:31:00
TXN000166,M015,5c12a5fcb9b4f503,15210.15,upi,CARD_EXPIRED,expired_or_invalid_method,1,0.322,0,1223,False,education,False,recovered,15210.15,2026-06-12T23:35:00
TXN000167,M003,4053849a3954d990,1468.7,upi,USER_CANCELLED,customer_abandonment,4,0.603,4,348,False,e_commerce,False,not_recovered,0.0,2026-06-06T14:35:00
TXN000168,M003,4bda7df9747ee086,2795.5,upi,GATEWAY_TIMEOUT,temporary_bank_or_network,1,0.556,1,938,False,e_commerce,False,not_recovered,0.0,2026-06-11T12:40:00
TXN000169,M028,6b5943f81cee2823,969.09,upi,INSUFFICIENT_BALANCE,insufficient_funds,1,0.555,1,657,False,utilities,False,recovered,969.09,2026-06-11T13:07:00
TXN000170,M016,c0e48abba9038000,208.09,upi,3DS_FAILED,authentication_failure,1,0.605,0,234,False,food_delivery,False,not_recovered,0.0,2026-05-23T17:52:00
TXN000171,M024,2faad977983c9bad,2290.31,card,MANDATE_FAILED,subscription_failure,2,0.458,2,838,True,e_commerce,False,not_recovered,0.0,2026-07-12T09:34:00
TXN000172,M020,4f17be2ede21e8ba,795.5,card,CARD_EXPIRED,expired_or_invalid_method,3,0.228,3,737,True,subscription,False,not_recovered,0.0,2026-05-16T02:14:00
TXN000173,M008,4f663ce9e10cdb0f,560.42,upi,NETWORK_ERROR,temporary_bank_or_network,2,0.539,2,680,True,subscription,False,recovered,560.42,2026-05-27T06:18:00
TXN000174,M008,a12fe09c38b12efc,618.49,netbanking,INSUFFICIENT_BALANCE,insufficient_funds,2,0.423,2,51,True,subscription,False,not_recovered,0.0,2026-07-21T20:03:00
TXN000175,M012,224bb43c1b5363f7,986.16,upi,INSUFFICIENT_BALANCE,insufficient_funds,2,0.48,2,898,False,utilities,False,not_recovered,0.0,2026-07-17T23:14:00
TXN000176,M022,aae3045bd0874306,15823.3,upi,TIMEOUT_ABANDONED,customer_abandonment,2,0.167,2,1147,False,education,False,not_recovered,0.0,2026-06-10T02:31:00
TXN000177,M014,ef4acabbe6eb9902,2212.38,wallet,BANK_TIMEOUT,temporary_bank_or_network,2,0.44,1,10,False,e_commerce,False,recovered,2212.38,2026-07-23T04:18:00
TXN000178,M006,03c95e637743e058,1082.0,upi,INSUFFICIENT_BALANCE,insufficient_funds,1,0.583,0,1223,True,subscription,False,recovered,1082.0,2026-07-17T12:08:00
TXN000179,M006,c3187d47052526b8,787.69,upi,TIMEOUT_ABANDONED,customer_abandonment,2,0.212,1,375,True,subscription,False,not_recovered,0.0,2026-05-19T10:55:00
TXN000180,M018,369949c7bd6132d3,2492.57,netbanking,CARD_EXPIRED,expired_or_invalid_method,1,0.515,0,1269,False,e_commerce,True,recovered,2492.57,2026-07-30T07:28:00
TXN000181,M018,fec7cea38add8fe0,329.1,card,INVALID_CARD,expired_or_invalid_method,1,0.628,0,1001,False,e_commerce,False,recovered,329.1,2026-07-27T14:38:00
TXN000182,M025,096d71c404b05404,9659.31,card,CARD_EXPIRED,expired_or_invalid_method,2,0.331,1,234,False,education,False,not_recovered,0.0,2026-06-15T05:30:00
TXN000183,M024,78a9609ce370ae67,2783.71,card,CARD_EXPIRED,expired_or_invalid_method,4,0.695,3,507,False,e_commerce,False,not_recovered,0.0,2026-07-20T09:01:00
TXN000184,M026,88109e1116322321,598.58,upi,NETWORK_ERROR,temporary_bank_or_network,2,0.519,2,1262,True,subscription,False,not_recovered,0.0,2026-07-05T21:59:00
TXN000185,M020,99fea4da4a996e39,929.0,card,NETWORK_ERROR,temporary_bank_or_network,1,0.563,1,1392,False,subscription,False,not_recovered,0.0,2026-07-24T14:33:00
TXN000186,M028,2413ff8f639d515b,1951.95,card,GATEWAY_TIMEOUT,temporary_bank_or_network,2,0.719,1,1003,False,utilities,False,recovered,1951.95,2026-05-12T09:52:00
TXN000187,M026,156555c6b50bea16,673.62,upi,INSUFFICIENT_BALANCE,insufficient_funds,2,0.471,1,1192,True,subscription,True,not_recovered,0.0,2026-06-03T02:20:00
TXN000188,M003,c8e203c5d78e2f32,354.74,wallet,INSUFFICIENT_BALANCE,insufficient_funds,4,0.409,3,581,False,e_commerce,False,not_recovered,0.0,2026-05-20T07:27:00
TXN000189,M025,ea1440e5809dc6ce,33886.86,upi,BANK_TIMEOUT,temporary_bank_or_network,2,0.473,1,324,False,education,False,not_recovered,0.0,2026-05-04T19:30:00
TXN000190,M028,d44a999782b79f86,1206.42,card,BANK_TIMEOUT,temporary_bank_or_network,1,0.638,0,339,False,utilities,True,recovered,1206.42,2026-05-03T16:01:00
TXN000191,M004,7340c84e983274dc,1031.29,card,NETWORK_ERROR,temporary_bank_or_network,1,0.453,1,20,False,utilities,True,recovered,1031.29,2026-05-04T19:30:00
TXN000192,M003,11c065a535fb7ac0,2179.66,upi,BANK_TIMEOUT,temporary_bank_or_network,1,0.455,0,273,False,e_commerce,False,recovered,2179.66,2026-07-23T05:54:00
TXN000193,M006,21d9b4ca2dba7883,1004.7,upi,INSUFFICIENT_BALANCE,insufficient_funds,2,0.529,1,445,True,subscription,False,not_recovered,0.0,2026-06-12T12:01:00
TXN000194,M005,2ddfa6f5dc8b5545,13437.62,upi,GATEWAY_TIMEOUT,temporary_bank_or_network,1,0.661,1,584,False,travel,False,recovered,13437.62,2026-05-08T13:43:00
TXN000195,M007,38ec4d65351eb695,8785.79,netbanking,GATEWAY_TIMEOUT,temporary_bank_or_network,3,0.304,2,1024,True,subscription,False,recovered,8785.79,2026-06-21T19:30:00
TXN000196,M014,03c95e637743e058,17016.82,upi,CARD_EXPIRED,expired_or_invalid_method,1,0.862,0,35,False,e_commerce,False,not_recovered,0.0,2026-07-24T10:25:00
TXN000197,M017,bae4a8791d82a1b6,3582.63,upi,INSUFFICIENT_BALANCE,insufficient_funds,1,0.576,1,569,False,e_commerce,False,recovered,3582.63,2026-07-12T05:42:00
TXN000198,M025,88303bbae343cf4a,23048.22,upi,GATEWAY_TIMEOUT,temporary_bank_or_network,1,0.072,0,890,False,education,False,not_recovered,0.0,2026-07-24T13:27:00
TXN000199,M006,b2c5613653bd8b8f,965.26,upi,BANK_TIMEOUT,temporary_bank_or_network,1,0.738,0,531,True,subscription,False,recovered,965.26,2026-07-16T23:00:00
TXN000200,M017,9dfe1fca6802c12d,2922.7,netbanking,GATEWAY_TIMEOUT,temporary_bank_or_network,4,0.266,4,738,False,e_commerce,True,recovered,2922.7,2026-07-10T11:27:00
TXN000201,M029,d1cb2a2e52477d94,619.63,netbanking,INVALID_CARD,expired_or_invalid_method,1,0.276,1,26,False,utilities,False,not_recovered,0.0,2026-07-27T05:08:00
TXN000202,M021,49e600524b9154a8,652.03,upi,NETWORK_ERROR,temporary_bank_or_network,3,0.175,2,764,True,subscription,False,recovered,652.03,2026-07-25T17:53:00
TXN000203,M002,1b7b6c736a923c61,2401.62,upi,BANK_TIMEOUT,temporary_bank_or_network,1,0.542,0,177,False,e_commerce,False,recovered,2401.62,2026-06-23T02:45:00
TXN000204,M016,b3dfa87391c5561c,457.54,card,OTP_FAILED,authentication_failure,1,0.541,0,49,False,food_delivery,False,not_recovered,0.0,2026-05-04T23:41:00
TXN000205,M022,0d6586429f899898,38747.58,wallet,FRAUD_SUSPECTED,suspected_risk,2,0.594,1,860,False,education,True,not_recovered,0.0,2026-07-20T22:31:00
TXN000206,M017,36c9afdadc9f7cb3,2926.11,upi,OTP_FAILED,authentication_failure,1,0.09,1,274,False,e_commerce,False,recovered,2926.11,2026-05-17T04:38:00
TXN000207,M005,88109e1116322321,10109.09,card,GATEWAY_TIMEOUT,temporary_bank_or_network,3,0.718,2,652,False,travel,False,recovered,10109.09,2026-05-18T20:17:00
TXN000208,M015,5b198eea66221735,32887.49,card,INSUFFICIENT_BALANCE,insufficient_funds,1,0.458,0,246,False,education,False,not_recovered,0.0,2026-06-23T00:13:00
TXN000209,M028,f01d6f07ca78dff9,1350.52,card,NETWORK_ERROR,temporary_bank_or_network,2,0.223,1,613,False,utilities,False,not_recovered,0.0,2026-06-04T05:02:00
TXN000210,M015,11c065a535fb7ac0,14889.65,upi,3DS_FAILED,authentication_failure,1,0.421,0,456,False,education,False,not_recovered,0.0,2026-06-14T00:35:00
TXN000211,M019,c84a7a54cee77c6e,2739.6,upi,TIMEOUT_ABANDONED,customer_abandonment,1,0.422,0,264,False,e_commerce,False,recovered,2739.6,2026-06-02T22:17:00
TXN000212,M027,a8afddad64875e00,306.05,upi,INSUFFICIENT_BALANCE,insufficient_funds,1,0.194,0,384,False,utilities,False,not_recovered,0.0,2026-07-12T22:50:00
TXN000213,M021,1f2c03763f889524,666.37,netbanking,INSUFFICIENT_BALANCE,insufficient_funds,1,0.209,0,409,False,subscription,False,not_recovered,0.0,2026-05-23T23:21:00
TXN000214,M012,d63c748b40bc5a26,765.61,emi,CARD_EXPIRED,expired_or_invalid_method,1,0.445,1,369,False,utilities,True,recovered,765.61,2026-07-28T14:25:00
TXN000215,M017,d78e44e30056bb4f,2176.91,netbanking,OTP_FAILED,authentication_failure,4,0.378,3,546,False,e_commerce,False,not_recovered,0.0,2026-07-03T04:21:00
TXN000216,M012,369949c7bd6132d3,252.02,wallet,NETWORK_ERROR,temporary_bank_or_network,2,0.806,2,58,False,utilities,False,recovered,252.02,2026-05-20T04:46:00
TXN000217,M027,2423d3c765085297,666.43,wallet,CARD_EXPIRED,expired_or_invalid_method,1,0.161,0,449,False,utilities,True,not_recovered,0.0,2026-07-15T12:23:00
TXN000218,M028,a2f7041accc4f4cc,1274.27,card,BANK_TIMEOUT,temporary_bank_or_network,1,0.846,1,1078,False,utilities,False,recovered,1274.27,2026-06-14T01:24:00
TXN000219,M010,3988877abeb1774a,1492.63,upi,NETWORK_ERROR,temporary_bank_or_network,1,0.876,0,1330,False,e_commerce,False,recovered,1492.63,2026-05-14T11:50:00
TXN000220,M006,d86c8f9e68691299,228.4,upi,GATEWAY_TIMEOUT,temporary_bank_or_network,1,0.352,1,1174,True,subscription,False,recovered,228.4,2026-05-20T22:54:00
TXN000221,M026,652c0f4d213d32ac,697.18,card,INVALID_CARD,expired_or_invalid_method,1,0.492,0,655,True,subscription,False,not_recovered,0.0,2026-05-11T12:33:00
TXN000222,M008,8324b263f7ef0aab,514.67,card,INSUFFICIENT_BALANCE,insufficient_funds,2,0.559,1,341,True,subscription,False,not_recovered,0.0,2026-06-13T12:01:00
TXN000223,M016,c39e4b1de44d8c09,218.23,card,INVALID_CARD,expired_or_invalid_method,2,0.625,1,69,False,food_delivery,False,recovered,218.23,2026-07-10T11:12:00
TXN000224,M029,156555c6b50bea16,2541.38,card,INSUFFICIENT_BALANCE,insufficient_funds,4,0.568,3,1339,False,utilities,False,recovered,2541.38,2026-07-11T22:11:00
TXN000225,M007,1ad1cf6d37b3f6d8,83.2,card,OTP_FAILED,authentication_failure,2,0.479,1,197,True,subscription,True,not_recovered,0.0,2026-06-15T23:53:00
TXN000226,M022,d63c748b40bc5a26,8743.93,upi,NETWORK_ERROR,temporary_bank_or_network,1,0.808,0,970,False,education,False,recovered,8743.93,2026-06-11T07:56:00
TXN000227,M003,457f9b7f08e13b68,1655.81,card,INSUFFICIENT_BALANCE,insufficient_funds,1,0.408,0,540,False,e_commerce,False,not_recovered,0.0,2026-07-12T00:14:00
TXN000228,M012,a6dc2abed0224354,2338.94,upi,INSUFFICIENT_BALANCE,insufficient_funds,2,0.697,1,1071,False,utilities,False,not_recovered,0.0,2026-06-01T04:28:00
TXN000229,M003,a8afddad64875e00,1468.39,netbanking,USER_CANCELLED,customer_abandonment,2,0.544,2,1171,False,e_commerce,False,not_recovered,0.0,2026-07-09T18:18:00
TXN000230,M005,02300d733d503913,7437.61,upi,INSUFFICIENT_BALANCE,insufficient_funds,4,0.512,3,303,False,travel,False,not_recovered,0.0,2026-07-23T21:02:00
TXN000231,M011,543cbd39bc5ce487,1459.75,upi,CARD_EXPIRED,expired_or_invalid_method,3,0.705,2,1071,False,utilities,False,not_recovered,0.0,2026-05-18T20:35:00
TXN000232,M004,3a3b7d81d8525b1d,1421.9,upi,USER_CANCELLED,customer_abandonment,3,0.459,2,1172,False,utilities,False,not_recovered,0.0,2026-06-26T10:15:00
TXN000233,M023,9029d28344c32e29,16209.97,upi,BANK_TIMEOUT,temporary_bank_or_network,3,0.37,2,974,False,education,False,recovered,16209.97,2026-06-23T13:24:00
TXN000234,M023,4b895fd593d43f6e,14085.94,card,UNKNOWN_ERROR,unknown,1,0.709,0,658,False,education,False,recovered,14085.94,2026-05-10T20:58:00
TXN000235,M027,d487e646430ab10f,1046.75,card,OTP_FAILED,authentication_failure,2,0.668,1,326,False,utilities,True,recovered,1046.75,2026-05-25T04:36:00
TXN000236,M027,d4bee9b94eebe7f2,609.76,card,FRAUD_SUSPECTED,suspected_risk,1,0.205,0,408,False,utilities,True,not_recovered,0.0,2026-05-28T10:28:00
TXN000237,M001,e9fc94fe7357b304,1857.96,upi,INSUFFICIENT_BALANCE,insufficient_funds,2,0.718,1,1130,False,utilities,False,recovered,1857.96,2026-05-04T20:55:00
TXN000238,M006,e463e08145da7bb4,1144.6,card,3DS_FAILED,authentication_failure,1,0.473,0,839,True,subscription,False,recovered,1144.6,2026-05-05T23:42:00
TXN000239,M006,ec366fffbafa8a41,798.13,upi,NETWORK_ERROR,temporary_bank_or_network,4,0.805,4,868,True,subscription,False,not_recovered,0.0,2026-06-23T00:54:00
TXN000240,M019,11c065a535fb7ac0,998.8,upi,BANK_TIMEOUT,temporary_bank_or_network,4,0.578,3,579,False,e_commerce,False,not_recovered,0.0,2026-07-23T12:32:00
TXN000241,M028,d30071636771c9df,1568.73,netbanking,GATEWAY_TIMEOUT,temporary_bank_or_network,2,0.224,2,493,False,utilities,False,not_recovered,0.0,2026-05-08T13:06:00
TXN000242,M021,dbe06b6e2c0347bc,92.21,netbanking,OTHER,unknown,1,0.66,0,1172,True,subscription,False,not_recovered,0.0,2026-07-03T00:35:00
TXN000243,M030,1a1c5b66b0e2c503,14312.56,upi,CARD_EXPIRED,expired_or_invalid_method,3,0.529,3,200,False,education,False,not_recovered,0.0,2026-07-08T00:48:00
TXN000244,M008,4f663ce9e10cdb0f,118.6,upi,NETWORK_ERROR,temporary_bank_or_network,1,0.479,0,950,False,subscription,False,recovered,118.6,2026-05-11T04:05:00
TXN000245,M016,6ee785b22401b7a2,520.92,netbanking,INSUFFICIENT_BALANCE,insufficient_funds,3,0.471,2,309,False,food_delivery,False,not_recovered,0.0,2026-06-03T19:07:00
TXN000246,M025,ce955b85aa604c08,22322.28,upi,INSUFFICIENT_BALANCE,insufficient_funds,2,0.186,1,926,False,education,False,not_recovered,0.0,2026-07-10T04:20:00
TXN000247,M025,73fd0e30db6a7dbc,3124.6,upi,BANK_TIMEOUT,temporary_bank_or_network,1,0.684,0,786,False,education,True,recovered,3124.6,2026-06-20T05:53:00
TXN000248,M021,dc478be453202a98,497.63,upi,NETWORK_ERROR,temporary_bank_or_network,1,0.486,0,343,False,subscription,True,not_recovered,0.0,2026-06-24T08:27:00
TXN000249,M011,ba159a51e26faf0a,13893.25,upi,USER_CANCELLED,customer_abandonment,4,0.743,3,386,False,utilities,False,not_recovered,0.0,2026-07-15T16:48:00
TXN000250,M006,63a868473928c751,297.12,card,INSUFFICIENT_BALANCE,insufficient_funds,1,0.395,1,100,True,subscription,False,not_recovered,0.0,2026-07-18T01:42:00
TXN000251,M004,32c865ee780235dc,1826.05,netbanking,INSUFFICIENT_BALANCE,insufficient_funds,1,0.314,0,1424,False,utilities,False,not_recovered,0.0,2026-05-26T14:48:00
TXN000252,M014,afa6beaf4007a364,1854.96,upi,CARD_EXPIRED,expired_or_invalid_method,2,0.11,1,407,False,e_commerce,False,not_recovered,0.0,2026-05-26T17:07:00
TXN000253,M006,20948592f8072463,901.36,netbanking,CARD_EXPIRED,expired_or_invalid_method,2,0.167,1,1376,False,subscription,False,recovered,901.36,2026-07-20T06:33:00
TXN000254,M029,c5f4dc4f1c23bd32,1701.37,netbanking,INVALID_CARD,expired_or_invalid_method,1,0.157,0,358,False,utilities,False,not_recovered,0.0,2026-06-15T00:54:00
TXN000255,M004,5f7e9f4cf9f279fa,1088.06,upi,BANK_TIMEOUT,temporary_bank_or_network,1,0.264,1,897,False,utilities,False,recovered,1088.06,2026-06-18T17:46:00
TXN000256,M015,49865067685417df,27109.0,wallet,FRAUD_SUSPECTED,suspected_risk,2,0.724,1,342,False,education,True,not_recovered,0.0,2026-07-24T18:34:00
TXN000257,M016,74b8fdd2b1568680,382.49,upi,INVALID_CARD,expired_or_invalid_method,1,0.695,0,1402,False,food_delivery,False,not_recovered,0.0,2026-05-30T20:09:00
TXN000258,M003,c4e56d69827f8b4d,50.0,netbanking,INVALID_CARD,expired_or_invalid_method,1,0.634,1,1158,False,e_commerce,False,not_recovered,0.0,2026-06-18T06:17:00
TXN000259,M004,be0a9f997c5b73dc,50.0,upi,INVALID_CARD,expired_or_invalid_method,1,0.653,0,305,False,utilities,False,not_recovered,0.0,2026-05-10T18:39:00
TXN000260,M016,b997d5dc9e055cc6,210.61,upi,BANK_TIMEOUT,temporary_bank_or_network,1,0.305,0,1039,False,food_delivery,False,recovered,210.61,2026-06-10T15:59:00
TXN000261,M019,4f80151daa97ec1b,1600.26,upi,BANK_TIMEOUT,temporary_bank_or_network,1,0.308,0,1339,False,e_commerce,True,not_recovered,0.0,2026-07-20T03:23:00
TXN000262,M029,4ec0c0b1a538f502,1292.42,upi,CARD_EXPIRED,expired_or_invalid_method,2,0.657,1,112,False,utilities,False,not_recovered,0.0,2026-06-19T04:53:00
TXN000263,M023,c257a15fbf5fd126,12623.99,netbanking,OTP_FAILED,authentication_failure,1,0.282,1,1298,False,education,False,not_recovered,0.0,2026-07-26T18:24:00
TXN000264,M024,1ad1cf6d37b3f6d8,2855.67,card,BANK_TIMEOUT,temporary_bank_or_network,2,0.486,1,442,False,e_commerce,False,not_recovered,0.0,2026-06-18T20:20:00
TXN000265,M021,63a868473928c751,298.21,card,3DS_FAILED,authentication_failure,2,0.317,2,1087,True,subscription,False,not_recovered,0.0,2026-05-27T17:58:00
TXN000266,M027,eb18f7e7a6b2c9e2,990.27,emi,BANK_TIMEOUT,temporary_bank_or_network,2,0.693,2,788,False,utilities,False,recovered,990.27,2026-05-04T15:32:00
TXN000267,M010,93f75a60b7878af8,1053.74,card,3DS_FAILED,authentication_failure,1,0.724,1,613,False,e_commerce,False,recovered,1053.74,2026-05-22T02:25:00
TXN000268,M023,93899ac8ad7337d0,13073.75,upi,OTP_FAILED,authentication_failure,3,0.816,2,365,False,education,False,not_recovered,0.0,2026-06-20T20:04:00
TXN000269,M019,af541e626c8b60f9,2298.03,card,MANDATE_FAILED,subscription_failure,2,0.567,2,27,True,e_commerce,False,not_recovered,0.0,2026-07-06T14:54:00
TXN000270,M010,07d8dc850a4edf0f,1879.75,netbanking,NETWORK_ERROR,temporary_bank_or_network,1,0.373,0,735,False,e_commerce,False,not_recovered,0.0,2026-05-06T04:50:00
TXN000271,M018,08e90ef193bbb193,4165.33,card,GATEWAY_TIMEOUT,temporary_bank_or_network,2,0.476,2,782,False,e_commerce,False,recovered,4165.33,2026-05-22T22:10:00
TXN000272,M020,1ad9e1a145be2b51,380.05,emi,RISK_BLOCKED,suspected_risk,2,0.478,2,1236,False,subscription,True,not_recovered,0.0,2026-07-07T13:58:00
TXN000273,M003,c2727d5f5139c116,1854.33,upi,AUTO_DEBIT_FAILED,subscription_failure,1,0.493,0,267,True,e_commerce,False,recovered,1854.33,2026-07-12T22:39:00
TXN000274,M002,9709850a015d5f9d,1721.14,upi,INSUFFICIENT_BALANCE,insufficient_funds,2,0.39,1,1077,False,e_commerce,False,recovered,1721.14,2026-07-23T06:46:00
TXN000275,M013,723705a6ddf664f6,8732.2,upi,INSUFFICIENT_BALANCE,insufficient_funds,3,0.346,3,448,False,education,False,recovered,8732.2,2026-05-09T23:42:00
TXN000276,M008,0f2024e73033e53a,369.61,upi,AUTO_DEBIT_FAILED,subscription_failure,1,0.463,0,580,True,subscription,True,not_recovered,0.0,2026-06-14T06:27:00
TXN000277,M002,ebdbb12762f26e49,1367.47,card,USER_CANCELLED,customer_abandonment,1,0.089,1,1102,False,e_commerce,False,not_recovered,0.0,2026-07-04T00:37:00
TXN000278,M018,042f8d51be818f43,1356.84,upi,INVALID_CARD,expired_or_invalid_method,4,0.355,4,680,False,e_commerce,True,not_recovered,0.0,2026-07-09T15:25:00
TXN000279,M008,dc23a12115f415b1,579.87,upi,INSUFFICIENT_BALANCE,insufficient_funds,1,0.345,0,1096,True,subscription,True,not_recovered,0.0,2026-07-26T00:05:00
TXN000280,M017,37a11193e73cba35,1480.34,card,GATEWAY_TIMEOUT,temporary_bank_or_network,2,0.426,2,897,False,e_commerce,False,recovered,1480.34,2026-07-28T07:50:00
TXN000281,M024,0e589701a3e5f47b,3565.64,card,3DS_FAILED,authentication_failure,3,0.552,2,1388,False,e_commerce,False,not_recovered,0.0,2026-07-30T05:07:00
TXN000282,M002,aa9037324164a988,1409.59,card,CARD_EXPIRED,expired_or_invalid_method,1,0.626,1,705,False,e_commerce,False,recovered,1409.59,2026-05-27T19:09:00
TXN000283,M027,bfc0da678b486bec,726.77,upi,NETWORK_ERROR,temporary_bank_or_network,1,0.852,1,1125,False,utilities,False,recovered,726.77,2026-07-19T17:16:00
TXN000284,M011,7636d732b4847144,1047.34,upi,BANK_TIMEOUT,temporary_bank_or_network,2,0.177,1,397,False,utilities,False,recovered,1047.34,2026-05-14T01:30:00
TXN000285,M019,712575ef617366bc,1341.21,upi,INSUFFICIENT_BALANCE,insufficient_funds,1,0.241,0,454,False,e_commerce,False,not_recovered,0.0,2026-05-06T12:41:00
TXN000286,M012,526529fd9d33773b,826.29,wallet,INSUFFICIENT_BALANCE,insufficient_funds,1,0.724,1,287,False,utilities,False,not_recovered,0.0,2026-05-12T21:24:00
TXN000287,M028,683faf535d26509e,50.0,wallet,INVALID_CARD,expired_or_invalid_method,3,0.498,3,76,False,utilities,False,not_recovered,0.0,2026-07-12T11:31:00
TXN000288,M019,93899ac8ad7337d0,913.49,upi,BANK_TIMEOUT,temporary_bank_or_network,1,0.449,0,1358,False,e_commerce,False,recovered,913.49,2026-05-14T00:39:00
TXN000289,M015,dca041263b4c9256,27290.84,upi,NETWORK_ERROR,temporary_bank_or_network,4,0.509,4,991,False,education,False,recovered,27290.84,2026-06-28T11:24:00
TXN000290,M017,4bda7df9747ee086,2182.84,upi,INSUFFICIENT_BALANCE,insufficient_funds,3,0.344,2,212,False,e_commerce,False,not_recovered,0.0,2026-06-26T15:01:00
TXN000291,M013,d86c8f9e68691299,5912.3,wallet,INSUFFICIENT_BALANCE,insufficient_funds,2,0.446,1,457,False,education,False,recovered,5912.3,2026-05-31T03:23:00
TXN000292,M015,b997d5dc9e055cc6,27040.85,upi,NETWORK_ERROR,temporary_bank_or_network,1,0.199,0,742,False,education,False,recovered,27040.85,2026-05-08T16:09:00
TXN000293,M004,36420d3a26c08b91,1757.97,card,INVALID_CARD,expired_or_invalid_method,1,0.497,1,46,False,utilities,False,not_recovered,0.0,2026-05-27T22:40:00
TXN000294,M006,dc23a12115f415b1,889.29,upi,TIMEOUT_ABANDONED,customer_abandonment,1,0.758,1,1356,True,subscription,False,not_recovered,0.0,2026-07-04T08:41:00
TXN000295,M016,20a40cfdbd850e34,313.98,card,NETWORK_ERROR,temporary_bank_or_network,1,0.808,0,373,False,food_delivery,False,recovered,313.98,2026-06-03T03:39:00
TXN000296,M013,2413ff8f639d515b,14691.71,netbanking,BANK_TIMEOUT,temporary_bank_or_network,1,0.755,1,1241,False,education,False,recovered,14691.71,2026-05-14T03:32:00
TXN000297,M017,acd374b7ae809b84,942.57,netbanking,BANK_TIMEOUT,temporary_bank_or_network,2,0.27,2,1390,False,e_commerce,False,recovered,942.57,2026-05-25T09:22:00
TXN000298,M026,12839e13d56eef6d,560.16,upi,INSUFFICIENT_BALANCE,insufficient_funds,3,0.501,3,522,True,subscription,False,not_recovered,0.0,2026-07-21T14:20:00
TXN000299,M009,7cef1a9d405e5372,1499.6,upi,BANK_TIMEOUT,temporary_bank_or_network,2,0.348,1,15,False,utilities,False,recovered,1499.6,2026-07-18T18:44:00
TXN000300,M009,ee0bfacb2f5530db,2241.46,upi,INSUFFICIENT_BALANCE,insufficient_funds,1,0.695,0,418,False,utilities,False,recovered,2241.46,2026-05-31T17:54:00
TXN000301,M009,0939a581584b418d,1332.97,netbanking,CARD_EXPIRED,expired_or_invalid_method,2,0.795,1,1351,False,utilities,False,not_recovered,0.0,2026-07-19T16:41:00
TXN000302,M026,97573e1187d2ae8f,1120.27,card,INVALID_UPI_ID,expired_or_invalid_method,1,0.485,0,187,True,subscription,False,recovered,1120.27,2026-05-16T09:09:00
TXN000303,M012,34152c0a424d827d,1255.05,wallet,INVALID_UPI_ID,expired_or_invalid_method,2,0.567,1,1224,False,utilities,True,not_recovered,0.0,2026-07-30T17:07:00
TXN000304,M017,3a3b7d81d8525b1d,1247.41,card,NETWORK_ERROR,temporary_bank_or_network,2,0.374,2,348,False,e_commerce,False,not_recovered,0.0,2026-05-10T00:00:00
TXN000305,M009,b824196f76e3389f,280.84,netbanking,INSUFFICIENT_BALANCE,insufficient_funds,1,0.108,1,141,False,utilities,False,not_recovered,0.0,2026-05-18T12:08:00
TXN000306,M008,6ee785b22401b7a2,451.97,wallet,INSUFFICIENT_BALANCE,insufficient_funds,1,0.257,0,149,True,subscription,False,not_recovered,0.0,2026-07-17T06:29:00
TXN000307,M027,f6475be29d63dafc,555.37,card,GATEWAY_TIMEOUT,temporary_bank_or_network,1,0.667,0,696,False,utilities,False,recovered,555.37,2026-07-28T07:33:00
TXN000308,M021,9890092e116a985b,685.25,wallet,INVALID_CARD,expired_or_invalid_method,1,0.263,0,540,True,subscription,False,recovered,685.25,2026-05-06T12:20:00
TXN000309,M016,5b198eea66221735,564.11,card,INSUFFICIENT_BALANCE,insufficient_funds,3,0.464,2,390,False,food_delivery,False,recovered,564.11,2026-07-05T16:11:00
TXN000310,M020,2bf234fd7d4dd2c8,1064.96,upi,NETWORK_ERROR,temporary_bank_or_network,3,0.724,3,14,True,subscription,False,recovered,1064.96,2026-07-26T07:33:00
TXN000311,M029,f6475be29d63dafc,578.8,wallet,USER_CANCELLED,customer_abandonment,1,0.251,1,1182,False,utilities,False,not_recovered,0.0,2026-07-27T06:51:00
TXN000312,M025,c70fd554d59b05d7,13733.34,wallet,INSUFFICIENT_BALANCE,insufficient_funds,1,0.575,1,25,False,education,False,recovered,13733.34,2026-07-19T12:54:00
TXN000313,M006,90c8c067fdb07cab,603.94,emi,GATEWAY_TIMEOUT,temporary_bank_or_network,4,0.432,3,432,True,subscription,False,not_recovered,0.0,2026-06-04T17:52:00
TXN000314,M022,1bb2a2c4787f49ff,7852.01,card,RISK_BLOCKED,suspected_risk,2,0.706,1,402,False,education,True,not_recovered,0.0,2026-07-12T07:52:00
TXN000315,M016,3a77883590865890,180.48,netbanking,OTHER,unknown,3,0.425,3,997,False,food_delivery,False,not_recovered,0.0,2026-05-04T18:26:00
TXN000316,M016,22ad430c9a02d762,339.08,card,INSUFFICIENT_BALANCE,insufficient_funds,1,0.459,0,528,False,food_delivery,False,not_recovered,0.0,2026-06-17T00:49:00
TXN000317,M019,99fea4da4a996e39,1257.5,wallet,NETWORK_ERROR,temporary_bank_or_network,2,0.418,1,916,False,e_commerce,False,not_recovered,0.0,2026-07-13T18:17:00
TXN000318,M014,e463e08145da7bb4,2302.61,wallet,INSUFFICIENT_BALANCE,insufficient_funds,3,0.195,2,649,False,e_commerce,False,not_recovered,0.0,2026-05-15T02:00:00
TXN000319,M025,10fef4ec212cd2a3,15550.74,card,OTP_FAILED,authentication_failure,1,0.299,0,48,False,education,False,recovered,15550.74,2026-07-21T16:49:00
TXN000320,M003,e2f42113de792a62,2482.08,card,CARD_EXPIRED,expired_or_invalid_method,1,0.76,0,213,False,e_commerce,False,recovered,2482.08,2026-05-09T10:42:00
TXN000321,M010,1ad9e1a145be2b51,50.0,wallet,INVALID_UPI_ID,expired_or_invalid_method,1,0.346,0,667,False,e_commerce,False,recovered,50.0,2026-05-22T08:49:00
TXN000322,M018,df479e4bc4cb9e38,2172.73,netbanking,INVALID_UPI_ID,expired_or_invalid_method,1,0.6,1,1073,False,e_commerce,False,not_recovered,0.0,2026-06-17T07:34:00
TXN000323,M015,a44d56daf294b11b,14048.77,upi,INSUFFICIENT_BALANCE,insufficient_funds,1,0.267,0,280,False,education,False,recovered,14048.77,2026-05-31T13:47:00
TXN000324,M010,fdbf14d82ec25777,1822.37,card,3DS_FAILED,authentication_failure,1,0.486,0,809,False,e_commerce,False,not_recovered,0.0,2026-05-10T10:42:00
TXN000325,M003,cbe4058228c83948,1102.1,card,INVALID_UPI_ID,expired_or_invalid_method,1,0.746,1,584,False,e_commerce,False,recovered,1102.1,2026-07-23T17:47:00
TXN000326,M015,93f75a60b7878af8,13816.77,upi,GATEWAY_TIMEOUT,temporary_bank_or_network,2,0.236,1,1096,False,education,True,recovered,13816.77,2026-06-25T14:49:00
TXN000327,M001,5c9a8bb70db666ab,165.19,upi,BANK_TIMEOUT,temporary_bank_or_network,1,0.327,0,1021,False,utilities,False,recovered,165.19,2026-07-13T22:06:00
TXN000328,M018,79c74427a45e9fc9,2160.46,emi,NETWORK_ERROR,temporary_bank_or_network,3,0.823,2,250,False,e_commerce,False,recovered,2160.46,2026-06-12T08:53:00
TXN000329,M007,826574eedc045831,863.04,upi,OTP_FAILED,authentication_failure,2,0.577,1,640,True,subscription,False,recovered,863.04,2026-05-22T06:14:00
TXN000330,M010,7021f87aec21ac07,31891.2,card,INSUFFICIENT_BALANCE,insufficient_funds,1,0.165,1,1297,False,e_commerce,False,not_recovered,0.0,2026-05-18T19:55:00
TXN000331,M002,27d452fb98a9b9f8,2849.21,upi,3DS_FAILED,authentication_failure,1,0.463,1,510,False,e_commerce,False,recovered,2849.21,2026-05-12T21:58:00
TXN000332,M023,530ed10fd420e392,20657.35,upi,3DS_FAILED,authentication_failure,1,0.438,0,1321,False,education,False,recovered,20657.35,2026-06-05T17:25:00
TXN000333,M024,3a77883590865890,770.27,upi,GATEWAY_TIMEOUT,temporary_bank_or_network,1,0.366,1,1428,False,e_commerce,False,not_recovered,0.0,2026-06-02T14:37:00
TXN000334,M028,b463afaaef29c93a,894.18,wallet,NETWORK_ERROR,temporary_bank_or_network,1,0.28,0,752,False,utilities,False,not_recovered,0.0,2026-05-28T11:04:00
TXN000335,M020,c257a15fbf5fd126,220.15,card,3DS_FAILED,authentication_failure,2,0.893,2,389,True,subscription,False,not_recovered,0.0,2026-06-20T10:01:00
TXN000336,M017,befeff58d1dea53c,1817.55,upi,BANK_TIMEOUT,temporary_bank_or_network,4,0.538,3,995,False,e_commerce,False,not_recovered,0.0,2026-05-10T10:45:00
TXN000337,M023,c5f4dc4f1c23bd32,27758.33,netbanking,BANK_TIMEOUT,temporary_bank_or_network,1,0.501,1,428,False,education,False,recovered,27758.33,2026-05-11T21:56:00
TXN000338,M029,bae4a8791d82a1b6,707.15,card,RISK_BLOCKED,suspected_risk,2,0.545,1,84,False,utilities,True,not_recovered,0.0,2026-07-22T16:38:00
TXN000339,M024,fdbf14d82ec25777,408.11,netbanking,CARD_EXPIRED,expired_or_invalid_method,1,0.613,1,367,False,e_commerce,False,not_recovered,0.0,2026-05-19T11:47:00
TXN000340,M014,27cbdde801b3160a,1267.63,emi,NETWORK_ERROR,temporary_bank_or_network,1,0.581,0,1094,False,e_commerce,False,recovered,1267.63,2026-06-16T13:15:00
TXN000341,M028,20dd1beddd1c0e72,1334.97,card,INSUFFICIENT_BALANCE,insufficient_funds,2,0.282,2,1118,False,utilities,False,not_recovered,0.0,2026-06-04T08:44:00
TXN000342,M002,17bf07ca241f2a94,50.0,upi,INVALID_UPI_ID,expired_or_invalid_method,1,0.495,0,440,False,e_commerce,False,not_recovered,0.0,2026-05-04T14:35:00
TXN000343,M019,e463e08145da7bb4,1770.17,netbanking,NETWORK_ERROR,temporary_bank_or_network,1,0.211,0,1193,False,e_commerce,False,not_recovered,0.0,2026-05-20T16:35:00
TXN000344,M026,d6476d5c8d8414c0,853.34,card,NETWORK_ERROR,temporary_bank_or_network,2,0.457,2,1316,True,subscription,False,recovered,853.34,2026-05-19T10:59:00
TXN000345,M025,e0358be30a6bde19,25084.33,upi,INSUFFICIENT_BALANCE,insufficient_funds,3,0.525,2,465,False,education,False,recovered,25084.33,2026-05-12T10:57:00
TXN000346,M011,75110870a7e6fd1b,81.92,upi,CARD_EXPIRED,expired_or_invalid_method,1,0.136,1,805,False,utilities,False,recovered,81.92,2026-05-19T06:47:00
TXN000347,M026,74bf6d8751ad101c,174.61,upi,NETWORK_ERROR,temporary_bank_or_network,1,0.224,1,175,True,subscription,False,recovered,174.61,2026-05-31T04:55:00
TXN000348,M019,b3dfa87391c5561c,2357.1,upi,CARD_EXPIRED,expired_or_invalid_method,4,0.159,4,881,False,e_commerce,False,not_recovered,0.0,2026-07-20T20:10:00
TXN000349,M012,f4af42fabdfc3ab9,1847.08,upi,INSUFFICIENT_BALANCE,insufficient_funds,2,0.469,1,717,False,utilities,False,recovered,1847.08,2026-07-26T16:02:00
TXN000350,M025,c07d9647752dc635,14499.24,card,BANK_TIMEOUT,temporary_bank_or_network,1,0.898,1,590,False,education,True,recovered,14499.24,2026-07-17T13:36:00
TXN000351,M007,1f1bf872d2c8b307,456.71,card,NETWORK_ERROR,temporary_bank_or_network,2,0.606,2,290,True,subscription,False,recovered,456.71,2026-05-25T22:31:00
TXN000352,M007,11f77ce6bce34ddb,345.97,emi,BANK_TIMEOUT,temporary_bank_or_network,1,0.662,0,1352,True,subscription,False,recovered,345.97,2026-06-24T01:51:00
TXN000353,M017,5331938d6cf641bd,481.07,upi,USER_CANCELLED,customer_abandonment,1,0.359,1,1026,False,e_commerce,False,not_recovered,0.0,2026-05-25T13:36:00
TXN000354,M006,b6fe03b0bd6b5c34,423.73,wallet,INSUFFICIENT_BALANCE,insufficient_funds,2,0.987,1,565,True,subscription,False,not_recovered,0.0,2026-06-12T23:00:00
TXN000355,M008,bd39a817b99d931e,478.91,upi,INSUFFICIENT_BALANCE,insufficient_funds,1,0.671,1,1255,True,subscription,False,not_recovered,0.0,2026-06-07T13:21:00
TXN000356,M018,cf38603550896a3c,937.99,wallet,NETWORK_ERROR,temporary_bank_or_network,1,0.443,1,283,False,e_commerce,False,recovered,937.99,2026-05-25T19:24:00
TXN000357,M025,d6f1fa5596f0c8ae,17243.15,upi,INVALID_CARD,expired_or_invalid_method,2,0.437,1,243,False,education,False,not_recovered,0.0,2026-06-21T09:53:00
TXN000358,M024,d44a999782b79f86,1373.02,card,NETWORK_ERROR,temporary_bank_or_network,1,0.474,0,1254,False,e_commerce,False,recovered,1373.02,2026-05-14T16:08:00
TXN000359,M001,1a1c5b66b0e2c503,1617.64,netbanking,BANK_TIMEOUT,temporary_bank_or_network,2,0.554,1,1331,False,utilities,False,recovered,1617.64,2026-07-07T16:17:00
TXN000360,M001,0acf96494b4a9f70,641.05,upi,MANDATE_FAILED,subscription_failure,2,0.412,1,900,True,utilities,False,not_recovered,0.0,2026-06-20T08:23:00
TXN000361,M025,00fb65c42ae8e0d0,50.0,netbanking,INVALID_UPI_ID,expired_or_invalid_method,3,0.462,3,1172,False,education,False,not_recovered,0.0,2026-05-26T20:17:00
TXN000362,M002,0c61d17ba33413fd,1509.82,netbanking,CARD_EXPIRED,expired_or_invalid_method,1,0.213,1,1292,False,e_commerce,False,not_recovered,0.0,2026-06-05T10:25:00
TXN000363,M010,2faad977983c9bad,424.49,upi,NETWORK_ERROR,temporary_bank_or_network,1,0.797,0,950,False,e_commerce,False,recovered,424.49,2026-05-18T00:15:00
TXN000364,M011,043377f012254450,1487.17,netbanking,BANK_TIMEOUT,temporary_bank_or_network,1,0.889,1,185,False,utilities,False,recovered,1487.17,2026-07-11T19:47:00
TXN000365,M021,10fef4ec212cd2a3,675.77,card,BANK_TIMEOUT,temporary_bank_or_network,2,0.386,2,1128,True,subscription,False,recovered,675.77,2026-05-08T18:53:00
TXN000366,M025,3645026c33418c5d,517.89,upi,INSUFFICIENT_BALANCE,insufficient_funds,1,0.235,0,270,False,education,False,not_recovered,0.0,2026-07-30T08:21:00
TXN000367,M026,aa9037324164a988,1219.9,card,INVALID_UPI_ID,expired_or_invalid_method,1,0.443,1,163,True,subscription,False,not_recovered,0.0,2026-05-12T04:59:00
TXN000368,M006,b64ce2483531c221,625.62,card,BANK_TIMEOUT,temporary_bank_or_network,1,0.753,0,612,True,subscription,False,not_recovered,0.0,2026-07-18T09:47:00
TXN000369,M010,a781d22591994bc8,1536.95,card,3DS_FAILED,authentication_failure,1,0.555,0,74,False,e_commerce,False,not_recovered,0.0,2026-07-23T09:25:00
TXN000370,M016,3a77883590865890,655.49,card,BANK_TIMEOUT,temporary_bank_or_network,3,0.526,2,1426,False,food_delivery,False,not_recovered,0.0,2026-05-19T02:32:00
TXN000371,M024,773419201757799b,1006.16,wallet,INSUFFICIENT_BALANCE,insufficient_funds,3,0.76,2,725,False,e_commerce,False,not_recovered,0.0,2026-05-29T07:12:00
TXN000372,M008,93899ac8ad7337d0,368.8,upi,UNKNOWN_ERROR,unknown,1,0.767,1,425,True,subscription,False,not_recovered,0.0,2026-06-09T22:27:00
TXN000373,M021,3beb4a5e00a3f708,803.93,netbanking,BANK_TIMEOUT,temporary_bank_or_network,1,0.407,0,664,True,subscription,False,not_recovered,0.0,2026-05-20T02:59:00
TXN000374,M007,46f553c099ee034e,777.15,netbanking,RISK_BLOCKED,suspected_risk,1,0.721,0,987,False,subscription,True,not_recovered,0.0,2026-05-24T12:34:00
TXN000375,M030,b4541dddc1357643,9698.14,card,FRAUD_SUSPECTED,suspected_risk,1,0.617,1,39,False,education,True,not_recovered,0.0,2026-06-16T21:45:00
TXN000376,M001,e0e09683e03f4b7d,211.45,card,UNKNOWN_ERROR,unknown,2,0.48,1,1219,False,utilities,False,not_recovered,0.0,2026-06-22T13:16:00
TXN000377,M003,915187595f38b819,2388.15,wallet,USER_CANCELLED,customer_abandonment,1,0.259,0,230,False,e_commerce,False,not_recovered,0.0,2026-05-28T23:09:00
TXN000378,M005,f09b5f597d2ec348,9703.97,card,INSUFFICIENT_BALANCE,insufficient_funds,1,0.319,1,202,False,travel,False,recovered,9703.97,2026-05-06T19:29:00
TXN000379,M013,bce73090a8dc2c76,17684.43,upi,BANK_TIMEOUT,temporary_bank_or_network,1,0.641,0,179,False,education,False,recovered,17684.43,2026-06-22T23:14:00
TXN000380,M029,7d319c289132dd6b,1020.48,upi,INSUFFICIENT_BALANCE,insufficient_funds,1,0.653,0,1375,False,utilities,False,recovered,1020.48,2026-06-26T20:06:00
TXN000381,M017,11c065a535fb7ac0,2169.05,card,NETWORK_ERROR,temporary_bank_or_network,1,0.607,0,581,False,e_commerce,False,recovered,2169.05,2026-05-23T08:52:00
TXN000382,M029,eae466bbcfe88ad3,1656.15,upi,BANK_TIMEOUT,temporary_bank_or_network,1,0.548,0,1214,False,utilities,False,recovered,1656.15,2026-06-04T02:58:00
TXN000383,M007,50e2306b6c8cb38f,161.96,card,BANK_TIMEOUT,temporary_bank_or_network,2,0.472,2,1431,False,subscription,False,recovered,161.96,2026-06-02T07:57:00
TXN000384,M028,dc23a12115f415b1,1451.04,upi,TIMEOUT_ABANDONED,customer_abandonment,1,0.624,1,666,False,utilities,False,not_recovered,0.0,2026-06-01T20:09:00
TXN000385,M006,fe58eab76bd6843f,285.82,upi,3DS_FAILED,authentication_failure,1,0.56,0,220,True,subscription,False,recovered,285.82,2026-06-10T03:51:00
TXN000386,M018,18962597ea9de602,512.08,card,UNKNOWN_ERROR,unknown,1,0.451,0,883,False,e_commerce,False,not_recovered,0.0,2026-06-18T05:25:00
TXN000387,M022,5254027bb48441f5,17041.62,netbanking,OTP_FAILED,authentication_failure,2,0.355,1,667,False,education,False,recovered,17041.62,2026-07-23T03:35:00
TXN000388,M025,ec6d97b8845f38e9,10800.73,upi,INSUFFICIENT_BALANCE,insufficient_funds,2,0.454,1,1190,False,education,False,not_recovered,0.0,2026-07-31T19:00:00
TXN000389,M010,bc00e3d394ab3969,936.86,upi,INVALID_UPI_ID,expired_or_invalid_method,1,0.499,0,1168,False,e_commerce,False,not_recovered,0.0,2026-06-17T20:58:00
TXN000390,M017,49b49637f105c3db,50.0,wallet,FRAUD_SUSPECTED,suspected_risk,3,0.459,2,109,False,e_commerce,True,not_recovered,0.0,2026-06-16T20:16:00
TXN000391,M008,012d14734a56c422,408.67,emi,OTP_FAILED,authentication_failure,1,0.421,0,433,True,subscription,False,recovered,408.67,2026-06-15T09:46:00
TXN000392,M022,f8eb823fed02ea2d,15761.57,upi,BANK_TIMEOUT,temporary_bank_or_network,1,0.514,0,1348,False,education,False,recovered,15761.57,2026-07-21T19:19:00
TXN000393,M015,c46523a020609a44,14184.46,wallet,INVALID_UPI_ID,expired_or_invalid_method,1,0.501,0,728,False,education,False,recovered,14184.46,2026-07-01T06:53:00
TXN000394,M019,c5844ed7052b8e2a,1850.04,card,BANK_TIMEOUT,temporary_bank_or_network,1,0.409,0,987,False,e_commerce,False,recovered,1850.04,2026-05-25T14:28:00
TXN000395,M029,73fd0e30db6a7dbc,474.55,upi,GATEWAY_TIMEOUT,temporary_bank_or_network,2,0.519,2,1298,False,utilities,False,recovered,474.55,2026-05-24T23:38:00
TXN000396,M016,d1cb2a2e52477d94,301.27,upi,OTP_FAILED,authentication_failure,1,0.162,0,1224,False,food_delivery,False,recovered,301.27,2026-05-20T15:07:00
TXN000397,M006,a781d22591994bc8,744.05,card,BANK_TIMEOUT,temporary_bank_or_network,3,0.256,3,260,False,subscription,False,not_recovered,0.0,2026-06-26T14:37:00
TXN000398,M004,c70fd554d59b05d7,810.94,upi,TIMEOUT_ABANDONED,customer_abandonment,2,0.627,2,536,False,utilities,False,not_recovered,0.0,2026-07-08T06:00:00
TXN000399,M003,d6f1fa5596f0c8ae,607.23,netbanking,INVALID_UPI_ID,expired_or_invalid_method,3,0.583,2,785,False,e_commerce,False,not_recovered,0.0,2026-06-17T22:09:00
TXN000400,M004,064cc3376df1bd31,1513.76,upi,NETWORK_ERROR,temporary_bank_or_network,1,0.712,0,1091,False,utilities,False,recovered,1513.76,2026-06-12T07:49:00
TXN000401,M014,a558c702fd3f6412,2707.03,wallet,GATEWAY_TIMEOUT,temporary_bank_or_network,2,0.82,1,1399,False,e_commerce,False,not_recovered,0.0,2026-06-06T03:10:00
TXN000402,M011,0acf96494b4a9f70,1624.21,upi,GATEWAY_TIMEOUT,temporary_bank_or_network,1,0.523,1,1383,False,utilities,False,recovered,1624.21,2026-05-17T17:21:00
TXN000403,M006,b8c530e8a877887a,646.76,wallet,CARD_EXPIRED,expired_or_invalid_method,3,0.468,2,1404,True,subscription,False,recovered,646.76,2026-07-28T02:52:00
TXN000404,M022,af6154f15223e640,21008.85,upi,MANDATE_FAILED,subscription_failure,2,0.346,1,770,True,education,False,not_recovered,0.0,2026-05-20T17:42:00
TXN000405,M009,23ca40f3dcde437a,690.69,upi,INSUFFICIENT_BALANCE,insufficient_funds,4,0.724,4,875,False,utilities,False,not_recovered,0.0,2026-07-22T14:33:00
TXN000406,M011,93e51a216caee66c,306.05,netbanking,GATEWAY_TIMEOUT,temporary_bank_or_network,3,0.466,2,411,False,utilities,False,recovered,306.05,2026-05-30T20:18:00
TXN000407,M007,37a11193e73cba35,861.54,upi,TIMEOUT_ABANDONED,customer_abandonment,1,0.399,0,914,True,subscription,True,recovered,861.54,2026-06-12T14:55:00
TXN000408,M013,f6475be29d63dafc,177026.59,wallet,BANK_TIMEOUT,temporary_bank_or_network,2,0.441,1,144,False,education,False,not_recovered,0.0,2026-05-31T19:52:00
TXN000409,M012,b9e9c96e1fb017ad,1438.38,upi,OTP_FAILED,authentication_failure,1,0.822,1,749,False,utilities,False,recovered,1438.38,2026-06-24T01:54:00
TXN000410,M013,f4af42fabdfc3ab9,14253.38,card,GATEWAY_TIMEOUT,temporary_bank_or_network,1,0.495,0,174,False,education,False,recovered,14253.38,2026-07-07T19:14:00
TXN000411,M019,481c336390125fa4,2615.02,netbanking,INSUFFICIENT_BALANCE,insufficient_funds,1,0.572,1,921,False,e_commerce,False,recovered,2615.02,2026-07-26T10:10:00
TXN000412,M022,caabafba58b4e4b3,15703.14,wallet,INSUFFICIENT_BALANCE,insufficient_funds,2,0.364,2,148,False,education,True,not_recovered,0.0,2026-05-09T23:21:00
TXN000413,M002,5460d1f8376ab53b,2375.24,netbanking,OTP_FAILED,authentication_failure,1,0.769,0,200,False,e_commerce,False,recovered,2375.24,2026-07-18T20:07:00
TXN000414,M008,a230f0555a918e4b,952.39,upi,3DS_FAILED,authentication_failure,3,0.501,3,1402,True,subscription,False,not_recovered,0.0,2026-07-04T22:27:00
TXN000415,M004,d44a999782b79f86,1466.42,card,NETWORK_ERROR,temporary_bank_or_network,1,0.267,1,499,False,utilities,False,not_recovered,0.0,2026-05-14T11:10:00
TXN000416,M016,ce955b85aa604c08,476.12,card,BANK_TIMEOUT,temporary_bank_or_network,1,0.65,0,582,False,food_delivery,False,recovered,476.12,2026-06-01T00:23:00
TXN000417,M009,caabafba58b4e4b3,1003.67,upi,INSUFFICIENT_BALANCE,insufficient_funds,1,0.324,0,369,False,utilities,False,not_recovered,0.0,2026-06-23T12:08:00
TXN000418,M007,acd374b7ae809b84,516.64,upi,UNKNOWN_ERROR,unknown,2,0.486,2,1283,False,subscription,False,not_recovered,0.0,2026-07-07T20:10:00
TXN000419,M030,c6a75c801e7374f4,8146.86,wallet,INSUFFICIENT_BALANCE,insufficient_funds,1,0.209,0,430,False,education,False,not_recovered,0.0,2026-07-26T20:27:00
TXN000420,M006,049108352b5e1c1d,1068.24,upi,3DS_FAILED,authentication_failure,1,0.657,0,668,True,subscription,False,not_recovered,0.0,2026-06-20T16:09:00
TXN000421,M004,88109e1116322321,1459.37,card,OTP_FAILED,authentication_failure,3,0.482,2,1199,False,utilities,False,not_recovered,0.0,2026-06-03T17:56:00
TXN000422,M024,534e68ad6e1d2ab9,1480.15,netbanking,INVALID_CARD,expired_or_invalid_method,4,0.184,3,1165,False,e_commerce,True,not_recovered,0.0,2026-06-02T08:21:00
TXN000423,M008,1f2c03763f889524,1106.45,upi,INVALID_UPI_ID,expired_or_invalid_method,2,0.742,2,1133,True,subscription,False,not_recovered,0.0,2026-07-04T03:49:00
TXN000424,M001,dee4a2c6e1f075ee,1811.76,card,OTP_FAILED,authentication_failure,1,0.328,0,1212,False,utilities,False,not_recovered,0.0,2026-07-31T09:45:00
TXN000425,M016,0ccea09121fd6c10,4728.63,card,BANK_TIMEOUT,temporary_bank_or_network,1,0.753,0,201,False,food_delivery,False,recovered,4728.63,2026-07-04T19:29:00
TXN000426,M003,e844de34b122e6ef,2948.79,wallet,INSUFFICIENT_BALANCE,insufficient_funds,1,0.515,1,1196,False,e_commerce,True,recovered,2948.79,2026-07-14T10:10:00
TXN000427,M021,1de64c734f0fa208,608.42,card,OTP_FAILED,authentication_failure,2,0.613,1,67,True,subscription,False,not_recovered,0.0,2026-05-19T16:56:00
TXN000428,M029,20f25a3e6be42ae6,271.6,upi,OTP_FAILED,authentication_failure,1,0.208,1,785,False,utilities,False,recovered,271.6,2026-06-15T11:30:00
TXN000429,M003,92235f2b07028659,1826.07,card,OTP_FAILED,authentication_failure,1,0.176,0,980,False,e_commerce,False,recovered,1826.07,2026-07-03T13:04:00
TXN000430,M022,d9feeeaa06e75916,50.0,upi,GATEWAY_TIMEOUT,temporary_bank_or_network,1,0.477,0,252,False,education,False,recovered,50.0,2026-05-24T14:02:00
TXN000431,M022,88303bbae343cf4a,18984.72,card,NETWORK_ERROR,temporary_bank_or_network,3,0.489,2,591,False,education,False,recovered,18984.72,2026-07-13T07:04:00
TXN000432,M021,f7482e46097c3e63,683.68,upi,GATEWAY_TIMEOUT,temporary_bank_or_network,1,0.447,0,1321,False,subscription,True,not_recovered,0.0,2026-07-29T16:05:00
TXN000433,M011,56d4ce4be26a5bcf,719.03,card,CARD_EXPIRED,expired_or_invalid_method,2,0.576,1,1086,False,utilities,False,not_recovered,0.0,2026-06-22T18:09:00
TXN000434,M012,a76bd36218abd356,1372.29,netbanking,3DS_FAILED,authentication_failure,1,0.62,0,1267,False,utilities,False,not_recovered,0.0,2026-06-25T17:47:00
TXN000435,M023,f1f1174724da9048,13158.7,upi,NETWORK_ERROR,temporary_bank_or_network,1,0.508,0,758,False,education,False,recovered,13158.7,2026-06-17T18:58:00
TXN000436,M006,50e2306b6c8cb38f,569.5,netbanking,GATEWAY_TIMEOUT,temporary_bank_or_network,1,0.858,0,656,False,subscription,False,recovered,569.5,2026-05-23T06:41:00
TXN000437,M016,ccc861c7dc9684b1,645.56,card,AUTO_DEBIT_FAILED,subscription_failure,4,0.356,4,906,True,food_delivery,False,not_recovered,0.0,2026-05-06T05:12:00
TXN000438,M020,9890092e116a985b,822.18,card,INSUFFICIENT_BALANCE,insufficient_funds,1,0.361,1,570,True,subscription,False,not_recovered,0.0,2026-06-04T00:54:00
TXN000439,M017,74bf6d8751ad101c,2855.74,upi,NETWORK_ERROR,temporary_bank_or_network,1,0.284,1,1366,False,e_commerce,False,recovered,2855.74,2026-06-14T23:36:00
TXN000440,M015,92235f2b07028659,26786.2,upi,BANK_TIMEOUT,temporary_bank_or_network,2,0.579,1,907,False,education,False,recovered,26786.2,2026-06-07T09:52:00
TXN000441,M003,4f4d4fcfe2260e35,2584.72,netbanking,NETWORK_ERROR,temporary_bank_or_network,1,0.526,1,1210,False,e_commerce,False,recovered,2584.72,2026-06-08T18:02:00
TXN000442,M025,257468f4e46b13ed,19061.12,netbanking,NETWORK_ERROR,temporary_bank_or_network,3,0.298,2,619,False,education,False,recovered,19061.12,2026-05-21T08:11:00
TXN000443,M005,26ab9e6dc7d99633,2142.18,emi,GATEWAY_TIMEOUT,temporary_bank_or_network,2,0.563,2,590,False,travel,False,recovered,2142.18,2026-07-16T14:33:00
TXN000444,M020,6928f61abd9f7f80,623.33,card,CARD_EXPIRED,expired_or_invalid_method,3,0.83,3,245,True,subscription,False,recovered,623.33,2026-07-29T15:09:00
TXN000445,M011,2faad977983c9bad,893.31,upi,USER_CANCELLED,customer_abandonment,1,0.207,0,1304,False,utilities,False,not_recovered,0.0,2026-07-22T06:28:00
TXN000446,M025,53341ad3347a4433,19879.64,upi,INVALID_UPI_ID,expired_or_invalid_method,1,0.85,0,1403,False,education,False,recovered,19879.64,2026-05-03T00:31:00
TXN000447,M012,4f4d4fcfe2260e35,1439.4,emi,BANK_TIMEOUT,temporary_bank_or_network,1,0.595,0,334,False,utilities,False,recovered,1439.4,2026-05-21T03:04:00
TXN000448,M028,1d1f7f3695f0bf31,1550.16,upi,OTP_FAILED,authentication_failure,2,0.667,1,239,False,utilities,False,recovered,1550.16,2026-05-31T12:07:00
TXN000449,M027,08a670a30534a6bc,1406.79,card,USER_CANCELLED,customer_abandonment,2,0.238,1,243,False,utilities,False,not_recovered,0.0,2026-07-15T16:51:00
TXN000450,M023,2b6d5a637552c2bc,11744.98,upi,BANK_TIMEOUT,temporary_bank_or_network,2,0.075,1,1352,False,education,False,recovered,11744.98,2026-07-16T15:22:00
TXN000451,M001,22ad430c9a02d762,2176.63,wallet,3DS_FAILED,authentication_failure,3,0.394,2,1374,False,utilities,False,not_recovered,0.0,2026-05-18T12:08:00
TXN000452,M025,e9fc94fe7357b304,22831.47,card,CARD_EXPIRED,expired_or_invalid_method,1,0.646,1,393,False,education,False,not_recovered,0.0,2026-05-24T23:52:00
TXN000453,M007,0ccea09121fd6c10,912.99,upi,USER_CANCELLED,customer_abandonment,2,0.699,1,371,True,subscription,False,not_recovered,0.0,2026-06-09T20:09:00
TXN000454,M015,a4f73bc172d91a9d,14076.44,netbanking,CARD_EXPIRED,expired_or_invalid_method,1,0.631,0,84,False,education,False,not_recovered,0.0,2026-06-12T14:20:00
TXN000455,M022,ca716771a41e7b65,14190.56,upi,NETWORK_ERROR,temporary_bank_or_network,1,0.129,0,975,False,education,False,recovered,14190.56,2026-05-06T20:25:00
TXN000456,M022,c07d9647752dc635,15890.22,emi,BANK_TIMEOUT,temporary_bank_or_network,1,0.346,1,346,False,education,True,recovered,15890.22,2026-06-18T17:10:00
TXN000457,M004,5c9a8bb70db666ab,1411.74,upi,FRAUD_SUSPECTED,suspected_risk,2,0.765,1,1216,False,utilities,True,not_recovered,0.0,2026-06-01T01:15:00
TXN000458,M016,303f6387dd8ab1c3,136.6,upi,GATEWAY_TIMEOUT,temporary_bank_or_network,2,0.306,1,473,False,food_delivery,False,not_recovered,0.0,2026-07-19T22:12:00
TXN000459,M001,463c3e623dc7d736,506.98,upi,INSUFFICIENT_BALANCE,insufficient_funds,2,0.463,1,157,False,utilities,False,not_recovered,0.0,2026-06-24T01:25:00
TXN000460,M018,081d96418f415781,1669.02,upi,RISK_BLOCKED,suspected_risk,1,0.492,0,882,False,e_commerce,False,not_recovered,0.0,2026-06-04T13:16:00
TXN000461,M002,92852cc3b1ef645b,1577.63,upi,NETWORK_ERROR,temporary_bank_or_network,2,0.524,1,883,False,e_commerce,False,not_recovered,0.0,2026-05-06T07:16:00
TXN000462,M019,79c74427a45e9fc9,783.48,card,INSUFFICIENT_BALANCE,insufficient_funds,3,0.16,3,1211,False,e_commerce,False,not_recovered,0.0,2026-06-16T14:18:00
TXN000463,M002,eb18f7e7a6b2c9e2,2477.99,card,FRAUD_SUSPECTED,suspected_risk,1,0.675,1,1281,False,e_commerce,True,not_recovered,0.0,2026-06-17T22:05:00
TXN000464,M021,224bb43c1b5363f7,758.51,upi,INVALID_UPI_ID,expired_or_invalid_method,1,0.142,0,1103,False,subscription,False,not_recovered,0.0,2026-06-07T04:37:00
TXN000465,M001,51c3ecd8701e842a,1927.69,upi,INVALID_UPI_ID,expired_or_invalid_method,4,0.446,3,201,False,utilities,False,not_recovered,0.0,2026-05-28T01:14:00
TXN000466,M012,6b744a851dc11f55,1729.09,upi,NETWORK_ERROR,temporary_bank_or_network,2,0.688,1,589,False,utilities,False,not_recovered,0.0,2026-05-19T10:17:00
TXN000467,M003,494b10c4cf365e24,2169.73,upi,BANK_TIMEOUT,temporary_bank_or_network,1,0.549,0,875,False,e_commerce,False,recovered,2169.73,2026-06-23T09:14:00
TXN000468,M014,9029d28344c32e29,546.55,upi,GATEWAY_TIMEOUT,temporary_bank_or_network,1,0.472,1,39,False,e_commerce,False,recovered,546.55,2026-07-08T04:19:00
TXN000469,M027,f548419ef3ab1db0,1573.47,netbanking,GATEWAY_TIMEOUT,temporary_bank_or_network,2,0.88,2,1160,False,utilities,False,not_recovered,0.0,2026-07-01T18:52:00
TXN000470,M028,042f8d51be818f43,1347.54,upi,INSUFFICIENT_BALANCE,insufficient_funds,3,0.74,2,547,False,utilities,False,not_recovered,0.0,2026-06-29T00:34:00
TXN000471,M004,dc9a571e754cd8fa,1534.29,card,NETWORK_ERROR,temporary_bank_or_network,1,0.512,0,894,False,utilities,False,not_recovered,0.0,2026-07-28T15:11:00
TXN000472,M018,e7acb14a82b0943c,1462.23,upi,INVALID_CARD,expired_or_invalid_method,1,0.253,1,172,False,e_commerce,False,not_recovered,0.0,2026-07-23T10:07:00
TXN000473,M029,9acafe46340c0cc3,83.1,card,INSUFFICIENT_BALANCE,insufficient_funds,3,0.404,2,1025,False,utilities,False,not_recovered,0.0,2026-05-25T15:25:00
TXN000474,M020,f2b760dccb70b1f6,522.46,card,3DS_FAILED,authentication_failure,3,0.569,3,484,True,subscription,False,recovered,522.46,2026-07-18T18:02:00
TXN000475,M014,306d216aefd42dda,1131.55,upi,USER_CANCELLED,customer_abandonment,1,0.662,1,649,False,e_commerce,False,not_recovered,0.0,2026-07-13T11:37:00
TXN000476,M010,d3b1a1082c317be9,1906.5,upi,INVALID_CARD,expired_or_invalid_method,3,0.752,2,112,False,e_commerce,False,not_recovered,0.0,2026-07-01T15:22:00
TXN000477,M023,10fef4ec212cd2a3,31662.36,netbanking,USER_CANCELLED,customer_abandonment,2,0.862,2,796,False,education,True,not_recovered,0.0,2026-06-23T20:56:00
TXN000478,M010,d24ff28e68a0d2c7,1296.62,upi,USER_CANCELLED,customer_abandonment,1,0.755,0,1320,False,e_commerce,False,not_recovered,0.0,2026-07-21T07:14:00
TXN000479,M027,9dcaa7b698d382f1,347.54,netbanking,OTP_FAILED,authentication_failure,3,0.761,2,1037,False,utilities,True,not_recovered,0.0,2026-06-20T08:32:00
TXN000480,M021,e08c6c0163a6301c,831.29,netbanking,INVALID_UPI_ID,expired_or_invalid_method,1,0.253,0,1180,True,subscription,False,not_recovered,0.0,2026-05-26T01:51:00
TXN000481,M022,e1303b77a80564eb,21237.14,wallet,3DS_FAILED,authentication_failure,1,0.504,0,356,False,education,False,recovered,21237.14,2026-06-08T11:28:00
TXN000482,M027,af541e626c8b60f9,247.04,upi,NETWORK_ERROR,temporary_bank_or_network,4,0.637,4,183,False,utilities,False,recovered,247.04,2026-05-03T18:15:00
TXN000483,M020,de633eb3be9290ad,1106.09,wallet,NETWORK_ERROR,temporary_bank_or_network,1,0.418,1,892,False,subscription,False,recovered,1106.09,2026-07-03T17:04:00
TXN000484,M026,c94801b88faf20e7,355.16,card,GATEWAY_TIMEOUT,temporary_bank_or_network,1,0.798,0,580,True,subscription,False,not_recovered,0.0,2026-07-08T10:04:00
TXN000485,M009,0da0cb1e238dc394,1555.1,netbanking,INVALID_UPI_ID,expired_or_invalid_method,3,0.615,2,176,False,utilities,True,not_recovered,0.0,2026-05-05T16:46:00
TXN000486,M024,c5f4dc4f1c23bd32,2390.6,upi,BANK_TIMEOUT,temporary_bank_or_network,2,0.284,1,726,False,e_commerce,False,recovered,2390.6,2026-05-16T22:27:00
TXN000487,M013,acafa99cefa71c5b,19216.72,netbanking,UNKNOWN_ERROR,unknown,2,0.764,1,1189,False,education,False,recovered,19216.72,2026-06-02T19:30:00
TXN000488,M014,4cf91273ea73c092,2718.6,netbanking,GATEWAY_TIMEOUT,temporary_bank_or_network,1,0.736,0,576,False,e_commerce,False,recovered,2718.6,2026-06-25T15:01:00
TXN000489,M009,4409c084b2dd9837,1955.42,card,INSUFFICIENT_BALANCE,insufficient_funds,3,0.614,2,310,False,utilities,False,recovered,1955.42,2026-07-07T18:56:00
TXN000490,M016,de633eb3be9290ad,300.81,card,NETWORK_ERROR,temporary_bank_or_network,1,0.961,0,84,False,food_delivery,False,recovered,300.81,2026-05-21T07:27:00
TXN000491,M024,b64ce2483531c221,575.8,card,BANK_TIMEOUT,temporary_bank_or_network,1,0.174,0,1042,False,e_commerce,False,not_recovered,0.0,2026-07-31T06:03:00
TXN000492,M030,c23f55d2dd80bdfd,10718.09,card,GATEWAY_TIMEOUT,temporary_bank_or_network,1,0.457,0,1396,False,education,False,not_recovered,0.0,2026-06-14T03:51:00
TXN000493,M011,f1f1174724da9048,2786.15,emi,BANK_TIMEOUT,temporary_bank_or_network,1,0.557,1,552,False,utilities,False,not_recovered,0.0,2026-06-04T12:55:00
TXN000494,M030,74b8fdd2b1568680,15723.53,card,BANK_TIMEOUT,temporary_bank_or_network,3,0.541,3,145,False,education,False,recovered,15723.53,2026-07-20T10:24:00
TXN000495,M025,1fcf186210656d86,12844.28,upi,BANK_TIMEOUT,temporary_bank_or_network,3,0.395,2,1326,False,education,False,not_recovered,0.0,2026-06-06T13:25:00
TXN000496,M012,22ad430c9a02d762,949.42,upi,RISK_BLOCKED,suspected_risk,1,0.417,0,550,False,utilities,True,not_recovered,0.0,2026-06-07T11:26:00
TXN000497,M014,156555c6b50bea16,519.84,netbanking,BANK_TIMEOUT,temporary_bank_or_network,1,0.662,0,318,False,e_commerce,False,recovered,519.84,2026-06-02T09:05:00
TXN000498,M010,da086c73118bff01,1578.41,upi,UNKNOWN_ERROR,unknown,2,0.682,1,606,False,e_commerce,False,not_recovered,0.0,2026-07-26T06:29:00
TXN000499,M004,1de64c734f0fa208,1160.16,wallet,INVALID_CARD,expired_or_invalid_method,2,0.471,1,1032,False,utilities,True,recovered,1160.16,2026-06-11T22:28:00
TXN000500,M010,5b198eea66221735,798.35,netbanking,INVALID_UPI_ID,expired_or_invalid_method,1,0.629,1,700,False,e_commerce,False,recovered,798.35,2026-07-08T16:48:00
TXN000501,M020,c84a7a54cee77c6e,383.82,netbanking,USER_CANCELLED,customer_abandonment,1,0.204,0,1344,True,subscription,False,not_recovered,0.0,2026-05-15T07:24:00
TXN000502,M020,4bda7df9747ee086,589.68,card,OTP_FAILED,authentication_failure,2,0.111,1,391,False,subscription,False,not_recovered,0.0,2026-07-28T16:52:00
TXN000503,M008,6b744a851dc11f55,1081.53,wallet,FRAUD_SUSPECTED,suspected_risk,1,0.382,0,971,False,subscription,True,not_recovered,0.0,2026-06-05T07:27:00
TXN000504,M019,5460d1f8376ab53b,3097.3,upi,NETWORK_ERROR,temporary_bank_or_network,2,0.029,1,1292,False,e_commerce,False,not_recovered,0.0,2026-06-08T07:05:00
TXN000505,M018,93899ac8ad7337d0,2240.41,upi,BANK_TIMEOUT,temporary_bank_or_network,1,0.601,1,1390,False,e_commerce,False,recovered,2240.41,2026-07-29T09:36:00
TXN000506,M009,26852c25419e075e,877.88,card,USER_CANCELLED,customer_abandonment,1,0.643,1,1429,False,utilities,False,not_recovered,0.0,2026-07-07T07:59:00
TXN000507,M008,e0e09683e03f4b7d,823.69,card,TIMEOUT_ABANDONED,customer_abandonment,2,0.212,1,800,False,subscription,False,not_recovered,0.0,2026-06-01T18:29:00
TXN000508,M024,3b60ada1bd2e1baa,633.38,emi,INVALID_CARD,expired_or_invalid_method,1,0.324,0,852,False,e_commerce,False,not_recovered,0.0,2026-07-01T16:52:00
TXN000509,M012,c4e56d69827f8b4d,1312.51,netbanking,INSUFFICIENT_BALANCE,insufficient_funds,1,0.048,1,882,False,utilities,False,not_recovered,0.0,2026-06-18T11:53:00
TXN000510,M018,7a83854002bf6592,2944.04,netbanking,USER_CANCELLED,customer_abandonment,3,0.354,3,104,False,e_commerce,False,not_recovered,0.0,2026-06-03T20:13:00
TXN000511,M020,11c065a535fb7ac0,515.29,upi,RISK_BLOCKED,suspected_risk,1,0.162,1,741,True,subscription,True,not_recovered,0.0,2026-07-19T18:45:00
TXN000512,M005,f2b760dccb70b1f6,13688.09,netbanking,FRAUD_SUSPECTED,suspected_risk,1,0.388,0,971,False,travel,True,not_recovered,0.0,2026-07-21T14:56:00
TXN000513,M012,0c61d17ba33413fd,640.22,upi,NETWORK_ERROR,temporary_bank_or_network,2,0.463,1,879,False,utilities,False,not_recovered,0.0,2026-05-05T11:40:00
TXN000514,M025,258e7272b15c41a4,19483.3,card,OTP_FAILED,authentication_failure,1,0.2,0,337,False,education,False,not_recovered,0.0,2026-07-27T01:28:00
TXN000515,M019,c219a69c71e8ab32,1318.97,card,UNKNOWN_ERROR,unknown,4,0.924,4,859,False,e_commerce,False,not_recovered,0.0,2026-06-21T12:16:00
TXN000516,M017,6fbbc15c5df2b8dd,763.06,wallet,OTP_FAILED,authentication_failure,1,0.756,0,1267,False,e_commerce,False,not_recovered,0.0,2026-05-09T10:12:00
TXN000517,M003,b0ccbe5e70f77da1,2751.72,wallet,CARD_EXPIRED,expired_or_invalid_method,1,0.433,1,1108,False,e_commerce,False,recovered,2751.72,2026-05-11T18:33:00
TXN000518,M018,dc23a12115f415b1,2427.9,netbanking,GATEWAY_TIMEOUT,temporary_bank_or_network,2,0.464,2,123,False,e_commerce,False,recovered,2427.9,2026-05-28T11:55:00
TXN000519,M004,6b2e7a156e69e4c7,1864.34,card,GATEWAY_TIMEOUT,temporary_bank_or_network,2,0.288,1,1192,False,utilities,False,recovered,1864.34,2026-05-16T16:02:00
TXN000520,M026,a781d22591994bc8,340.13,netbanking,INVALID_CARD,expired_or_invalid_method,1,0.311,0,395,True,subscription,False,not_recovered,0.0,2026-07-19T19:00:00
TXN000521,M003,723705a6ddf664f6,874.3,upi,BANK_TIMEOUT,temporary_bank_or_network,3,0.146,2,1387,False,e_commerce,False,not_recovered,0.0,2026-06-28T04:04:00
TXN000522,M015,86e3451d9c9e3e8c,10223.33,upi,OTP_FAILED,authentication_failure,1,0.136,0,938,False,education,False,not_recovered,0.0,2026-05-25T19:59:00
TXN000523,M002,e2efe003959ba3f1,2302.68,card,MANDATE_FAILED,subscription_failure,4,0.481,4,757,True,e_commerce,False,not_recovered,0.0,2026-06-14T13:39:00
TXN000524,M005,4cf91273ea73c092,9650.08,upi,3DS_FAILED,authentication_failure,1,0.552,0,1002,False,travel,True,recovered,9650.08,2026-07-23T22:29:00
TXN000525,M019,93f75a60b7878af8,799.93,upi,USER_CANCELLED,customer_abandonment,2,0.834,1,272,False,e_commerce,False,not_recovered,0.0,2026-06-04T18:55:00
TXN000526,M026,1ad1cf6d37b3f6d8,590.02,netbanking,INSUFFICIENT_BALANCE,insufficient_funds,1,0.924,0,569,False,subscription,False,not_recovered,0.0,2026-07-28T04:29:00
TXN000527,M010,92235f2b07028659,2854.02,wallet,INVALID_CARD,expired_or_invalid_method,2,0.406,1,1182,False,e_commerce,False,recovered,2854.02,2026-05-28T23:22:00
TXN000528,M006,f40087d79e2b2a31,503.39,card,GATEWAY_TIMEOUT,temporary_bank_or_network,3,0.626,3,1243,True,subscription,False,recovered,503.39,2026-05-30T23:13:00
TXN000529,M001,1d18e5f3e50ea6d1,1190.93,upi,INSUFFICIENT_BALANCE,insufficient_funds,1,0.761,0,585,False,utilities,False,recovered,1190.93,2026-06-09T00:51:00
TXN000530,M011,42282b2f166bff12,1459.86,netbanking,BANK_TIMEOUT,temporary_bank_or_network,1,0.121,0,664,False,utilities,False,recovered,1459.86,2026-07-16T22:14:00
TXN000531,M019,88109e1116322321,935.98,emi,INSUFFICIENT_BALANCE,insufficient_funds,2,0.609,1,652,False,e_commerce,False,recovered,935.98,2026-07-02T23:22:00
TXN000532,M022,b6285dee1f5070b2,19757.12,card,GATEWAY_TIMEOUT,temporary_bank_or_network,2,0.356,1,172,False,education,False,recovered,19757.12,2026-07-13T11:16:00
TXN000533,M008,1f1bf872d2c8b307,1298.51,upi,MANDATE_FAILED,subscription_failure,1,0.791,0,1338,True,subscription,False,not_recovered,0.0,2026-05-16T15:27:00
TXN000534,M012,3beb4a5e00a3f708,1204.77,emi,INVALID_UPI_ID,expired_or_invalid_method,1,0.348,0,144,False,utilities,False,not_recovered,0.0,2026-07-16T19:14:00
TXN000535,M029,012d14734a56c422,1211.15,emi,NETWORK_ERROR,temporary_bank_or_network,1,0.915,0,1301,False,utilities,False,recovered,1211.15,2026-06-20T12:21:00
TXN000536,M011,e844de34b122e6ef,541.3,upi,TIMEOUT_ABANDONED,customer_abandonment,1,0.307,0,20,False,utilities,False,not_recovered,0.0,2026-05-03T07:19:00
TXN000537,M026,5254027bb48441f5,482.43,upi,CARD_EXPIRED,expired_or_invalid_method,3,0.513,2,771,False,subscription,False,recovered,482.43,2026-05-03T23:43:00
TXN000538,M007,85f7093ed815c0c0,745.88,emi,BANK_TIMEOUT,temporary_bank_or_network,2,0.64,2,185,True,subscription,False,not_recovered,0.0,2026-07-03T16:01:00
TXN000539,M002,1e909a90c1801f5c,2598.99,upi,INSUFFICIENT_BALANCE,insufficient_funds,2,0.203,2,1308,False,e_commerce,False,not_recovered,0.0,2026-05-22T17:24:00
TXN000540,M022,c1e6aa15e2a0bfa7,7902.17,card,NETWORK_ERROR,temporary_bank_or_network,2,0.162,2,1168,False,education,False,not_recovered,0.0,2026-06-26T17:28:00
TXN000541,M023,feed7a0d1a32fed1,31793.03,upi,INVALID_UPI_ID,expired_or_invalid_method,2,0.215,1,1379,False,education,False,recovered,31793.03,2026-06-09T14:39:00
TXN000542,M016,6928f61abd9f7f80,620.24,wallet,CARD_EXPIRED,expired_or_invalid_method,1,0.251,1,861,False,food_delivery,False,not_recovered,0.0,2026-06-11T17:22:00
TXN000543,M026,f84d6d3e8d163808,504.91,wallet,UNKNOWN_ERROR,unknown,2,0.557,1,675,True,subscription,False,not_recovered,0.0,2026-07-28T03:47:00
TXN000544,M027,07d8dc850a4edf0f,1007.44,card,GATEWAY_TIMEOUT,temporary_bank_or_network,1,0.827,0,1065,False,utilities,False,recovered,1007.44,2026-05-16T02:52:00
TXN000545,M015,494b10c4cf365e24,26702.44,card,BANK_TIMEOUT,temporary_bank_or_network,4,0.634,3,1421,False,education,True,not_recovered,0.0,2026-06-23T03:10:00
TXN000546,M022,b4541dddc1357643,27081.42,upi,CARD_EXPIRED,expired_or_invalid_method,1,0.509,0,842,False,education,False,recovered,27081.42,2026-05-08T02:43:00
TXN000547,M026,dee4a2c6e1f075ee,636.72,card,USER_CANCELLED,customer_abandonment,1,0.619,1,673,True,subscription,False,not_recovered,0.0,2026-05-17T17:24:00
TXN000548,M017,c5f4dc4f1c23bd32,1888.84,netbanking,INSUFFICIENT_BALANCE,insufficient_funds,1,0.344,1,91,False,e_commerce,True,not_recovered,0.0,2026-06-06T06:30:00
TXN000549,M010,4a4c2db5e8980675,2994.44,netbanking,USER_CANCELLED,customer_abandonment,2,0.536,1,597,False,e_commerce,False,not_recovered,0.0,2026-07-24T15:54:00
TXN000550,M028,3532d852d63fcf93,1240.47,upi,INSUFFICIENT_BALANCE,insufficient_funds,1,0.421,0,141,False,utilities,False,not_recovered,0.0,2026-05-04T00:24:00
TXN000551,M011,494b10c4cf365e24,1794.25,upi,CARD_EXPIRED,expired_or_invalid_method,1,0.29,0,931,False,utilities,False,not_recovered,0.0,2026-05-11T16:24:00
TXN000552,M007,481c336390125fa4,412.86,card,INSUFFICIENT_BALANCE,insufficient_funds,3,0.388,3,14,True,subscription,False,recovered,412.86,2026-07-28T05:04:00
TXN000553,M007,4de9b30d2ff14047,395.95,wallet,TIMEOUT_ABANDONED,customer_abandonment,4,0.186,3,537,True,subscription,False,not_recovered,0.0,2026-07-29T18:00:00
TXN000554,M001,257468f4e46b13ed,1844.69,emi,INSUFFICIENT_BALANCE,insufficient_funds,2,0.274,1,935,False,utilities,False,not_recovered,0.0,2026-05-08T18:10:00
TXN000555,M020,ba159a51e26faf0a,468.37,wallet,USER_CANCELLED,customer_abandonment,1,0.493,0,775,True,subscription,False,not_recovered,0.0,2026-07-26T02:59:00
TXN000556,M010,da086c73118bff01,2667.98,upi,INSUFFICIENT_BALANCE,insufficient_funds,1,0.862,0,1197,False,e_commerce,False,not_recovered,0.0,2026-07-21T07:57:00
TXN000557,M006,4ec0c0b1a538f502,259.66,upi,INSUFFICIENT_BALANCE,insufficient_funds,2,0.481,1,660,False,subscription,False,not_recovered,0.0,2026-06-01T14:51:00
TXN000558,M026,4a4c2db5e8980675,545.05,card,INVALID_CARD,expired_or_invalid_method,3,0.63,2,627,True,subscription,False,not_recovered,0.0,2026-07-11T11:14:00
TXN000559,M025,c8031d015331c936,7389.73,card,GATEWAY_TIMEOUT,temporary_bank_or_network,1,0.525,0,1273,False,education,False,recovered,7389.73,2026-05-29T13:11:00
TXN000560,M015,012a24b3047ee164,17412.01,upi,GATEWAY_TIMEOUT,temporary_bank_or_network,1,0.398,0,1120,False,education,False,recovered,17412.01,2026-07-02T20:39:00
TXN000561,M018,d4bee9b94eebe7f2,2246.38,card,INSUFFICIENT_BALANCE,insufficient_funds,2,0.559,1,1400,False,e_commerce,False,recovered,2246.38,2026-05-23T15:06:00
TXN000562,M027,9285c0e7bad32ae3,1960.57,netbanking,3DS_FAILED,authentication_failure,1,0.79,0,25,False,utilities,False,recovered,1960.57,2026-07-12T10:26:00
TXN000563,M007,c6a75c801e7374f4,795.83,upi,GATEWAY_TIMEOUT,temporary_bank_or_network,2,0.592,1,176,True,subscription,False,recovered,795.83,2026-07-05T09:02:00
TXN000564,M012,c88a6ec92ebc81fe,2151.41,upi,CARD_EXPIRED,expired_or_invalid_method,1,0.41,1,727,False,utilities,False,not_recovered,0.0,2026-05-05T10:14:00
TXN000565,M010,5be5166a286e2ae3,2405.52,upi,INVALID_UPI_ID,expired_or_invalid_method,2,0.538,1,677,False,e_commerce,False,recovered,2405.52,2026-06-11T11:00:00
TXN000566,M018,5d7fa2c4fd6fd755,50.0,upi,NETWORK_ERROR,temporary_bank_or_network,1,0.8,1,624,False,e_commerce,False,recovered,50.0,2026-05-22T17:57:00
TXN000567,M016,a5447cc28b1f7be4,1770.18,card,NETWORK_ERROR,temporary_bank_or_network,1,0.258,0,1351,False,food_delivery,False,recovered,1770.18,2026-06-09T10:40:00
TXN000568,M018,43d15c25289da79f,2042.56,upi,INSUFFICIENT_BALANCE,insufficient_funds,1,0.168,0,886,False,e_commerce,False,not_recovered,0.0,2026-07-11T03:24:00
TXN000569,M007,db9f137331b2c6d0,50.0,netbanking,OTP_FAILED,authentication_failure,1,0.635,0,1239,True,subscription,False,not_recovered,0.0,2026-06-03T08:13:00
TXN000570,M010,354641072f7a09a4,1480.32,wallet,INSUFFICIENT_BALANCE,insufficient_funds,3,0.607,2,359,False,e_commerce,False,not_recovered,0.0,2026-05-13T09:16:00
TXN000571,M006,74b8fdd2b1568680,1041.24,upi,BANK_TIMEOUT,temporary_bank_or_network,1,0.451,0,598,True,subscription,False,not_recovered,0.0,2026-05-29T09:58:00
TXN000572,M012,c23f55d2dd80bdfd,1593.42,netbanking,OTP_FAILED,authentication_failure,1,0.287,0,425,False,utilities,False,not_recovered,0.0,2026-07-22T02:12:00
TXN000573,M013,081d96418f415781,14928.15,emi,OTP_FAILED,authentication_failure,3,0.144,2,280,False,education,False,not_recovered,0.0,2026-05-22T01:35:00
TXN000574,M005,6bdd39670563ded0,3817.86,netbanking,RISK_BLOCKED,suspected_risk,3,0.723,2,363,False,travel,True,not_recovered,0.0,2026-06-11T18:16:00
TXN000575,M022,3ad3c6017059a59f,10312.35,wallet,NETWORK_ERROR,temporary_bank_or_network,1,0.804,0,1091,False,education,False,recovered,10312.35,2026-05-10T01:24:00
TXN000576,M013,a44d56daf294b11b,1518.25,emi,INSUFFICIENT_BALANCE,insufficient_funds,2,0.77,1,512,False,education,False,not_recovered,0.0,2026-07-20T23:28:00
TXN000577,M011,2db847c356aad5fc,1891.91,upi,OTP_FAILED,authentication_failure,1,0.814,0,344,False,utilities,False,not_recovered,0.0,2026-06-20T04:49:00
TXN000578,M030,a6dc2abed0224354,17454.63,card,INSUFFICIENT_BALANCE,insufficient_funds,1,0.285,0,356,False,education,True,recovered,17454.63,2026-07-30T10:43:00
TXN000579,M022,bbcd02ab9261ffa6,26821.39,card,INVALID_CARD,expired_or_invalid_method,1,0.648,0,1227,False,education,False,recovered,26821.39,2026-05-20T18:09:00
TXN000580,M011,cda41be12b930d22,1143.33,upi,INVALID_CARD,expired_or_invalid_method,4,0.154,4,1409,False,utilities,False,not_recovered,0.0,2026-05-31T21:42:00
TXN000581,M019,6b2e7a156e69e4c7,372.06,card,INSUFFICIENT_BALANCE,insufficient_funds,2,0.604,1,28,False,e_commerce,False,not_recovered,0.0,2026-06-07T15:42:00
TXN000582,M012,d955fc50a3da5c8a,346.29,upi,GATEWAY_TIMEOUT,temporary_bank_or_network,1,0.44,0,1225,False,utilities,False,recovered,346.29,2026-06-19T19:26:00
TXN000583,M025,20948592f8072463,12269.76,upi,CARD_EXPIRED,expired_or_invalid_method,4,0.782,4,470,False,education,False,not_recovered,0.0,2026-05-07T15:32:00
TXN000584,M008,12839e13d56eef6d,794.95,upi,CARD_EXPIRED,expired_or_invalid_method,2,0.47,1,395,True,subscription,True,recovered,794.95,2026-07-05T19:43:00
TXN000585,M027,bf8262af6e095304,1402.47,wallet,GATEWAY_TIMEOUT,temporary_bank_or_network,1,0.316,1,405,False,utilities,False,recovered,1402.47,2026-06-04T02:19:00
TXN000586,M016,34152c0a424d827d,602.39,upi,MANDATE_FAILED,subscription_failure,1,0.473,0,888,True,food_delivery,False,not_recovered,0.0,2026-05-31T23:20:00
TXN000587,M003,c015d12db4259337,930.59,wallet,INVALID_UPI_ID,expired_or_invalid_method,1,0.278,1,627,False,e_commerce,False,recovered,930.59,2026-07-14T07:59:00
TXN000588,M001,0cc354954a0898e2,1778.54,upi,USER_CANCELLED,customer_abandonment,2,0.709,1,809,False,utilities,False,not_recovered,0.0,2026-05-30T13:30:00
TXN000589,M014,a10744376600ff1a,1808.26,card,OTHER,unknown,1,0.463,1,523,False,e_commerce,False,not_recovered,0.0,2026-05-11T00:30:00
TXN000590,M013,47d6835ae187c49b,8056.47,wallet,OTP_FAILED,authentication_failure,1,0.641,0,1386,False,education,True,not_recovered,0.0,2026-07-13T15:05:00
TXN000591,M005,306d216aefd42dda,12927.16,wallet,GATEWAY_TIMEOUT,temporary_bank_or_network,2,0.427,2,190,False,travel,False,not_recovered,0.0,2026-07-21T06:19:00
TXN000592,M006,6fd04cfff888e713,449.32,netbanking,GATEWAY_TIMEOUT,temporary_bank_or_network,4,0.736,4,843,True,subscription,False,not_recovered,0.0,2026-07-20T20:17:00
TXN000593,M012,7840e7818ce0d348,1428.3,netbanking,GATEWAY_TIMEOUT,temporary_bank_or_network,1,0.353,1,345,False,utilities,False,not_recovered,0.0,2026-05-25T09:47:00
TXN000594,M006,e7acb14a82b0943c,601.13,card,INSUFFICIENT_BALANCE,insufficient_funds,1,0.306,0,1162,True,subscription,False,not_recovered,0.0,2026-07-24T17:46:00
TXN000595,M029,95a5ed84b6eec0c2,1354.94,netbanking,INSUFFICIENT_BALANCE,insufficient_funds,3,0.517,2,601,False,utilities,False,not_recovered,0.0,2026-07-01T07:42:00
TXN000596,M001,ec63d7ca2d1acfb5,1354.32,emi,GATEWAY_TIMEOUT,temporary_bank_or_network,4,0.785,4,199,False,utilities,False,not_recovered,0.0,2026-06-13T03:26:00
TXN000597,M009,81381fd43e1c8ded,1782.08,upi,INSUFFICIENT_BALANCE,insufficient_funds,1,0.509,0,703,False,utilities,False,recovered,1782.08,2026-06-13T03:10:00
TXN000598,M011,dad43e187d7c91f5,50.0,netbanking,BANK_TIMEOUT,temporary_bank_or_network,3,0.807,2,285,False,utilities,True,not_recovered,0.0,2026-05-25T14:28:00
TXN000599,M008,553f471334a81011,621.06,card,INSUFFICIENT_BALANCE,insufficient_funds,3,0.301,3,1307,True,subscription,False,not_recovered,0.0,2026-07-26T12:54:00
TXN000600,M016,b824196f76e3389f,411.94,card,OTP_FAILED,authentication_failure,2,0.68,1,976,False,food_delivery,False,recovered,411.94,2026-07-19T10:52:00
TXN000601,M005,0644008ea221eab4,6361.36,upi,USER_CANCELLED,customer_abandonment,2,0.316,2,179,False,travel,False,not_recovered,0.0,2026-07-10T08:47:00
TXN000602,M018,6e744e0ff0250f1c,794.72,card,GATEWAY_TIMEOUT,temporary_bank_or_network,1,0.403,1,60,False,e_commerce,False,recovered,794.72,2026-06-12T14:26:00
TXN000603,M016,63a868473928c751,498.29,wallet,INVALID_CARD,expired_or_invalid_method,3,0.408,3,1417,False,food_delivery,False,not_recovered,0.0,2026-07-23T02:02:00
TXN000604,M024,12839e13d56eef6d,2963.0,netbanking,INVALID_CARD,expired_or_invalid_method,2,0.516,1,237,False,e_commerce,False,not_recovered,0.0,2026-06-18T03:48:00
TXN000605,M004,a781d22591994bc8,1419.43,card,INSUFFICIENT_BALANCE,insufficient_funds,3,0.289,2,127,False,utilities,False,not_recovered,0.0,2026-06-15T00:49:00
TXN000606,M022,0462f5f070810420,21909.66,card,BANK_TIMEOUT,temporary_bank_or_network,1,0.566,0,608,False,education,False,recovered,21909.66,2026-06-03T18:59:00
TXN000607,M022,b95184264dcb120f,19160.16,upi,INVALID_UPI_ID,expired_or_invalid_method,1,0.56,1,1176,False,education,False,not_recovered,0.0,2026-06-13T22:00:00
TXN000608,M027,d24ff28e68a0d2c7,582.61,card,FRAUD_SUSPECTED,suspected_risk,4,0.376,3,367,False,utilities,False,not_recovered,0.0,2026-06-23T01:30:00
TXN000609,M001,90c8c067fdb07cab,1128.87,card,INSUFFICIENT_BALANCE,insufficient_funds,1,0.874,0,801,False,utilities,True,recovered,1128.87,2026-05-03T05:18:00
TXN000610,M025,ab59a9324f6da17a,8955.49,netbanking,USER_CANCELLED,customer_abandonment,1,0.479,1,1183,False,education,False,not_recovered,0.0,2026-06-24T19:04:00
TXN000611,M007,c82522b603e77150,720.5,upi,INSUFFICIENT_BALANCE,insufficient_funds,1,0.68,0,1392,False,subscription,False,recovered,720.5,2026-07-09T22:13:00
TXN000612,M011,ba159a51e26faf0a,1079.08,emi,AUTO_DEBIT_FAILED,subscription_failure,1,0.258,0,620,True,utilities,False,not_recovered,0.0,2026-05-09T11:12:00
TXN000613,M022,5a05e18d23d1770c,17270.75,upi,3DS_FAILED,authentication_failure,3,0.507,3,912,False,education,False,recovered,17270.75,2026-05-07T06:37:00
TXN000614,M019,d63c748b40bc5a26,2055.89,netbanking,GATEWAY_TIMEOUT,temporary_bank_or_network,2,0.333,2,1321,False,e_commerce,False,recovered,2055.89,2026-07-15T20:37:00
TXN000615,M028,1f1bf872d2c8b307,410.15,card,NETWORK_ERROR,temporary_bank_or_network,3,0.606,2,1086,False,utilities,False,not_recovered,0.0,2026-05-09T19:46:00
TXN000616,M022,acd374b7ae809b84,13821.94,upi,NETWORK_ERROR,temporary_bank_or_network,2,0.226,1,644,False,education,False,recovered,13821.94,2026-07-05T01:44:00
TXN000617,M028,b95184264dcb120f,952.67,upi,BANK_TIMEOUT,temporary_bank_or_network,1,0.454,0,867,False,utilities,False,recovered,952.67,2026-05-26T14:00:00
TXN000618,M019,2d576f5dd191da1f,1230.07,card,OTP_FAILED,authentication_failure,1,0.558,0,1409,False,e_commerce,False,recovered,1230.07,2026-07-01T22:45:00
TXN000619,M027,ee2d116ecc32d15f,1181.64,card,AUTO_DEBIT_FAILED,subscription_failure,1,0.503,0,865,True,utilities,True,recovered,1181.64,2026-06-10T08:26:00
TXN000620,M014,7840e7818ce0d348,2682.23,upi,CARD_EXPIRED,expired_or_invalid_method,1,0.451,1,1323,False,e_commerce,False,not_recovered,0.0,2026-05-08T01:54:00
TXN000621,M014,f1f1174724da9048,460.55,wallet,INSUFFICIENT_BALANCE,insufficient_funds,2,0.315,1,159,False,e_commerce,False,recovered,460.55,2026-06-19T02:09:00
TXN000622,M025,3ad3c6017059a59f,12763.66,wallet,NETWORK_ERROR,temporary_bank_or_network,2,0.194,1,456,False,education,False,not_recovered,0.0,2026-07-16T18:01:00
TXN000623,M019,86e3451d9c9e3e8c,2551.92,upi,BANK_TIMEOUT,temporary_bank_or_network,1,0.708,1,1245,False,e_commerce,False,not_recovered,0.0,2026-07-08T12:14:00
TXN000624,M026,1d1f7f3695f0bf31,677.91,card,CARD_EXPIRED,expired_or_invalid_method,1,0.069,1,1052,False,subscription,False,not_recovered,0.0,2026-07-13T11:05:00
TXN000625,M030,9ba323d1f37963f7,17656.4,wallet,OTP_FAILED,authentication_failure,1,0.438,1,899,False,education,False,not_recovered,0.0,2026-06-07T06:14:00
TXN000626,M027,1bb2a2c4787f49ff,523.89,card,GATEWAY_TIMEOUT,temporary_bank_or_network,3,0.36,2,185,False,utilities,False,recovered,523.89,2026-07-01T20:49:00
TXN000627,M024,3a3b7d81d8525b1d,2491.41,upi,CARD_EXPIRED,expired_or_invalid_method,1,0.693,0,1042,False,e_commerce,False,not_recovered,0.0,2026-05-06T05:50:00
TXN000628,M020,f09b5f597d2ec348,866.2,upi,TIMEOUT_ABANDONED,customer_abandonment,2,0.44,2,1355,True,subscription,False,not_recovered,0.0,2026-05-25T00:40:00
TXN000629,M006,f1948e8e3948f941,980.13,wallet,USER_CANCELLED,customer_abandonment,1,0.733,0,866,True,subscription,False,not_recovered,0.0,2026-05-06T15:29:00
TXN000630,M028,acd374b7ae809b84,2592.92,card,GATEWAY_TIMEOUT,temporary_bank_or_network,1,0.476,0,1165,False,utilities,False,not_recovered,0.0,2026-05-10T06:25:00
TXN000631,M015,ae16d2dc33a73b33,109726.88,wallet,BANK_TIMEOUT,temporary_bank_or_network,1,0.341,0,11,False,education,False,recovered,109726.88,2026-07-06T21:07:00
TXN000632,M014,63a868473928c751,900.9,card,TIMEOUT_ABANDONED,customer_abandonment,1,0.36,1,767,False,e_commerce,False,not_recovered,0.0,2026-07-08T05:42:00
TXN000633,M015,1945259a37fac77c,14125.98,card,NETWORK_ERROR,temporary_bank_or_network,1,0.445,0,407,False,education,False,recovered,14125.98,2026-06-19T22:56:00
TXN000634,M016,c94801b88faf20e7,567.65,netbanking,BANK_TIMEOUT,temporary_bank_or_network,1,0.757,0,666,False,food_delivery,False,recovered,567.65,2026-06-10T06:53:00
TXN000635,M027,08e90ef193bbb193,1276.53,card,BANK_TIMEOUT,temporary_bank_or_network,4,0.235,3,28,False,utilities,False,not_recovered,0.0,2026-05-16T23:44:00
TXN000636,M016,e8e0d7164aebb059,787.65,upi,OTP_FAILED,authentication_failure,1,0.458,0,576,False,food_delivery,False,not_recovered,0.0,2026-05-03T15:34:00
TXN000637,M016,df0a9ec21f634d04,465.48,upi,OTP_FAILED,authentication_failure,1,0.522,0,1289,False,food_delivery,False,recovered,465.48,2026-07-07T19:01:00
TXN000638,M003,3645026c33418c5d,2275.45,card,INSUFFICIENT_BALANCE,insufficient_funds,1,0.432,1,689,False,e_commerce,False,recovered,2275.45,2026-06-07T02:02:00
TXN000639,M012,1e909a90c1801f5c,1360.48,wallet,MANDATE_FAILED,subscription_failure,1,0.091,0,1353,True,utilities,False,recovered,1360.48,2026-07-19T09:18:00
TXN000640,M012,e0358be30a6bde19,1858.91,upi,GATEWAY_TIMEOUT,temporary_bank_or_network,1,0.727,0,267,False,utilities,False,recovered,1858.91,2026-06-15T03:54:00
TXN000641,M021,543cbd39bc5ce487,972.39,upi,NETWORK_ERROR,temporary_bank_or_network,3,0.616,2,85,True,subscription,False,recovered,972.39,2026-06-04T20:38:00
TXN000642,M011,9709850a015d5f9d,741.52,wallet,OTP_FAILED,authentication_failure,4,0.344,3,262,False,utilities,False,not_recovered,0.0,2026-06-29T04:53:00
TXN000643,M015,acd374b7ae809b84,12032.56,upi,TIMEOUT_ABANDONED,customer_abandonment,1,0.738,0,45,False,education,False,not_recovered,0.0,2026-05-20T21:56:00
TXN000644,M024,2b8bffff287b9152,4128.84,card,INSUFFICIENT_BALANCE,insufficient_funds,1,0.569,1,1044,False,e_commerce,False,recovered,4128.84,2026-06-10T03:17:00
TXN000645,M006,e463e08145da7bb4,750.99,upi,NETWORK_ERROR,temporary_bank_or_network,3,0.582,3,1076,True,subscription,False,recovered,750.99,2026-07-16T18:10:00
TXN000646,M010,20948592f8072463,1196.49,upi,INVALID_CARD,expired_or_invalid_method,4,0.599,3,106,False,e_commerce,False,not_recovered,0.0,2026-07-05T05:46:00
TXN000647,M021,553f471334a81011,7630.06,card,INSUFFICIENT_BALANCE,insufficient_funds,3,0.565,2,1253,False,subscription,False,not_recovered,0.0,2026-06-26T17:59:00
TXN000648,M022,4a4c2db5e8980675,14027.35,card,BANK_TIMEOUT,temporary_bank_or_network,2,0.602,1,1283,False,education,False,recovered,14027.35,2026-06-05T16:29:00
TXN000649,M021,a8afddad64875e00,837.18,card,NETWORK_ERROR,temporary_bank_or_network,2,0.314,1,1016,True,subscription,False,not_recovered,0.0,2026-05-30T17:51:00
TXN000650,M006,df479e4bc4cb9e38,1148.36,netbanking,RISK_BLOCKED,suspected_risk,1,0.159,0,1322,True,subscription,False,not_recovered,0.0,2026-05-25T19:19:00
TXN000651,M020,dad43e187d7c91f5,976.08,netbanking,INSUFFICIENT_BALANCE,insufficient_funds,3,0.533,3,172,True,subscription,False,not_recovered,0.0,2026-07-30T20:23:00
TXN000652,M028,c07d9647752dc635,894.51,upi,NETWORK_ERROR,temporary_bank_or_network,1,0.854,1,630,False,utilities,False,recovered,894.51,2026-07-24T05:27:00
TXN000653,M004,d3b1a1082c317be9,1312.62,card,RISK_BLOCKED,suspected_risk,1,0.495,0,851,False,utilities,True,not_recovered,0.0,2026-07-13T11:57:00
TXN000654,M029,d197ddd910970c7e,1130.66,card,OTP_FAILED,authentication_failure,2,0.741,1,460,False,utilities,False,not_recovered,0.0,2026-06-16T21:24:00
TXN000655,M030,c8031d015331c936,21527.54,card,USER_CANCELLED,customer_abandonment,2,0.382,1,372,False,education,False,not_recovered,0.0,2026-06-25T12:07:00
TXN000656,M016,553f471334a81011,720.32,netbanking,TIMEOUT_ABANDONED,customer_abandonment,3,0.794,3,305,False,food_delivery,False,not_recovered,0.0,2026-07-13T10:41:00
TXN000657,M016,befeff58d1dea53c,301.95,upi,BANK_TIMEOUT,temporary_bank_or_network,1,0.184,1,262,False,food_delivery,False,not_recovered,0.0,2026-05-04T09:53:00
TXN000658,M005,0c61d17ba33413fd,11609.86,upi,INSUFFICIENT_BALANCE,insufficient_funds,1,0.533,1,472,False,travel,False,not_recovered,0.0,2026-06-08T06:01:00
TXN000659,M024,3f269c6b8e3a5e36,3755.87,wallet,OTP_FAILED,authentication_failure,1,0.527,0,743,False,e_commerce,False,not_recovered,0.0,2026-06-17T11:41:00
TXN000660,M027,c88a6ec92ebc81fe,844.31,netbanking,GATEWAY_TIMEOUT,temporary_bank_or_network,1,0.942,1,497,False,utilities,False,not_recovered,0.0,2026-07-14T20:00:00
TXN000661,M013,f26c61b870f6a39b,11343.26,card,OTP_FAILED,authentication_failure,1,0.682,0,152,False,education,False,recovered,11343.26,2026-07-13T21:19:00
TXN000662,M027,32c865ee780235dc,1004.06,card,NETWORK_ERROR,temporary_bank_or_network,1,0.334,1,614,False,utilities,False,not_recovered,0.0,2026-06-05T02:00:00
TXN000663,M005,93e51a216caee66c,13069.2,card,USER_CANCELLED,customer_abandonment,1,0.257,0,868,False,travel,False,not_recovered,0.0,2026-05-19T06:53:00
TXN000664,M030,e2efe003959ba3f1,8300.72,emi,GATEWAY_TIMEOUT,temporary_bank_or_network,1,0.552,0,434,False,education,False,not_recovered,0.0,2026-06-11T17:44:00
TXN000665,M020,5254027bb48441f5,480.61,netbanking,RISK_BLOCKED,suspected_risk,1,0.393,1,112,True,subscription,False,not_recovered,0.0,2026-07-22T11:38:00
TXN000666,M001,04fb316a61b3900d,885.49,emi,GATEWAY_TIMEOUT,temporary_bank_or_network,1,0.111,0,634,False,utilities,False,recovered,885.49,2026-07-27T15:48:00
TXN000667,M019,5a4603e912f60575,1344.63,netbanking,CARD_EXPIRED,expired_or_invalid_method,2,0.071,1,633,False,e_commerce,True,not_recovered,0.0,2026-07-07T13:16:00
TXN000668,M005,530d5635a2d871d7,11873.29,card,INSUFFICIENT_BALANCE,insufficient_funds,3,0.454,3,308,False,travel,True,not_recovered,0.0,2026-05-31T04:00:00
TXN000669,M006,bd39a817b99d931e,620.98,wallet,OTP_FAILED,authentication_failure,2,0.224,2,1396,True,subscription,False,not_recovered,0.0,2026-05-26T03:14:00
TXN000670,M011,4f80151daa97ec1b,846.91,upi,3DS_FAILED,authentication_failure,1,0.782,0,82,False,utilities,False,recovered,846.91,2026-06-12T15:51:00
TXN000671,M003,5625db869a5ab0a5,3339.79,wallet,CARD_EXPIRED,expired_or_invalid_method,4,0.474,3,634,False,e_commerce,False,not_recovered,0.0,2026-07-19T08:29:00
TXN000672,M006,8324b263f7ef0aab,498.57,wallet,GATEWAY_TIMEOUT,temporary_bank_or_network,1,0.586,0,970,True,subscription,False,not_recovered,0.0,2026-06-05T01:49:00
TXN000673,M019,ae16d2dc33a73b33,636.93,upi,BANK_TIMEOUT,temporary_bank_or_network,3,0.514,2,1394,False,e_commerce,False,not_recovered,0.0,2026-06-14T21:10:00
TXN000674,M009,02300d733d503913,2060.43,upi,INVALID_UPI_ID,expired_or_invalid_method,2,0.745,2,1149,False,utilities,True,recovered,2060.43,2026-06-24T11:11:00
TXN000675,M003,321be29a14024db3,1427.99,upi,INSUFFICIENT_BALANCE,insufficient_funds,1,0.409,0,1096,False,e_commerce,False,recovered,1427.99,2026-06-11T09:13:00
TXN000676,M011,ac43cd7894129a96,1255.68,upi,OTHER,unknown,1,0.428,1,931,False,utilities,True,not_recovered,0.0,2026-06-01T19:02:00
TXN000677,M002,6092f5060040bf99,3105.5,card,BANK_TIMEOUT,temporary_bank_or_network,3,0.596,2,434,False,e_commerce,False,recovered,3105.5,2026-05-11T18:00:00
TXN000678,M013,31f1f472c7bd2692,11663.99,card,GATEWAY_TIMEOUT,temporary_bank_or_network,2,0.597,1,532,False,education,False,not_recovered,0.0,2026-06-07T12:20:00
TXN000679,M007,a550eb525123b444,770.45,upi,MANDATE_FAILED,subscription_failure,1,0.701,0,1420,True,subscription,False,not_recovered,0.0,2026-07-06T21:21:00
TXN000680,M005,a2f7041accc4f4cc,3823.49,card,INVALID_CARD,expired_or_invalid_method,3,0.74,3,649,False,travel,True,not_recovered,0.0,2026-07-13T06:58:00
TXN000681,M022,d487e646430ab10f,18333.87,netbanking,GATEWAY_TIMEOUT,temporary_bank_or_network,2,0.9,1,1300,False,education,False,recovered,18333.87,2026-07-07T09:40:00
TXN000682,M020,42498f6d8caedd9b,574.09,upi,NETWORK_ERROR,temporary_bank_or_network,1,0.296,1,746,True,subscription,True,not_recovered,0.0,2026-05-28T19:45:00
TXN000683,M015,1953fe4a5d4c40f3,18564.96,upi,INSUFFICIENT_BALANCE,insufficient_funds,1,0.7,1,688,False,education,False,not_recovered,0.0,2026-05-16T18:27:00
TXN000684,M028,cfeefcd5d665e208,20367.67,upi,INVALID_CARD,expired_or_invalid_method,2,0.901,1,213,False,utilities,False,not_recovered,0.0,2026-07-18T07:04:00
TXN000685,M018,dad43e187d7c91f5,953.97,netbanking,INVALID_CARD,expired_or_invalid_method,1,0.76,0,434,False,e_commerce,False,recovered,953.97,2026-06-01T19:46:00
TXN000686,M015,36c9afdadc9f7cb3,17066.09,wallet,TIMEOUT_ABANDONED,customer_abandonment,2,0.668,2,459,False,education,False,not_recovered,0.0,2026-05-08T14:59:00
TXN000687,M030,b1db19dd1b36fee4,2755.12,card,INVALID_CARD,expired_or_invalid_method,1,0.029,0,767,False,education,False,not_recovered,0.0,2026-07-10T04:29:00
TXN000688,M013,26ccb3731d7a94e7,13534.08,upi,INVALID_UPI_ID,expired_or_invalid_method,1,0.69,0,264,False,education,False,not_recovered,0.0,2026-07-09T10:15:00
TXN000689,M014,fdbf14d82ec25777,1313.14,card,BANK_TIMEOUT,temporary_bank_or_network,3,0.348,3,803,False,e_commerce,False,recovered,1313.14,2026-06-20T17:03:00
TXN000690,M001,5625db869a5ab0a5,865.83,wallet,BANK_TIMEOUT,temporary_bank_or_network,2,0.299,1,268,False,utilities,False,recovered,865.83,2026-06-16T17:38:00
TXN000691,M010,534e68ad6e1d2ab9,1920.55,upi,CARD_EXPIRED,expired_or_invalid_method,1,0.715,0,564,False,e_commerce,False,not_recovered,0.0,2026-07-18T20:13:00
TXN000692,M004,4cf91273ea73c092,1301.97,emi,GATEWAY_TIMEOUT,temporary_bank_or_network,3,0.461,2,426,False,utilities,False,recovered,1301.97,2026-07-29T09:53:00
TXN000693,M003,d24ff28e68a0d2c7,2363.55,upi,OTP_FAILED,authentication_failure,1,0.542,0,330,False,e_commerce,False,recovered,2363.55,2026-05-15T22:56:00
TXN000694,M012,b13e9880d5795048,1223.97,card,OTHER,unknown,2,0.45,1,250,False,utilities,False,not_recovered,0.0,2026-07-29T06:20:00
TXN000695,M028,9a75f70711f4628a,1124.14,upi,BANK_TIMEOUT,temporary_bank_or_network,1,0.111,0,1417,False,utilities,False,not_recovered,0.0,2026-06-17T05:11:00
TXN000696,M026,4feeeb84be857a68,941.78,card,INSUFFICIENT_BALANCE,insufficient_funds,3,0.43,2,576,False,subscription,False,recovered,941.78,2026-05-17T13:22:00
TXN000697,M024,ae16d2dc33a73b33,1354.27,wallet,INSUFFICIENT_BALANCE,insufficient_funds,1,0.781,1,1276,False,e_commerce,False,recovered,1354.27,2026-05-12T21:49:00
TXN000698,M017,81d42210dfc59c17,2202.8,upi,INVALID_UPI_ID,expired_or_invalid_method,1,0.74,1,816,False,e_commerce,True,not_recovered,0.0,2026-06-20T09:21:00
TXN000699,M003,ee2d116ecc32d15f,2062.95,card,INVALID_CARD,expired_or_invalid_method,1,0.22,0,23,False,e_commerce,False,recovered,2062.95,2026-07-02T04:50:00
TXN000700,M007,c1bebf6aa78d20d8,978.39,netbanking,NETWORK_ERROR,temporary_bank_or_network,2,0.484,2,864,True,subscription,False,recovered,978.39,2026-06-21T17:15:00
TXN000701,M016,30ccf9162290403f,286.52,card,UNKNOWN_ERROR,unknown,1,0.527,0,1211,False,food_delivery,False,not_recovered,0.0,2026-05-19T23:51:00
TXN000702,M027,09ac5e1c7e07c2b8,972.98,netbanking,BANK_TIMEOUT,temporary_bank_or_network,1,0.342,1,143,False,utilities,False,recovered,972.98,2026-06-08T13:44:00
TXN000703,M013,34152c0a424d827d,4585.05,card,CARD_EXPIRED,expired_or_invalid_method,1,0.173,1,931,False,education,False,recovered,4585.05,2026-05-13T20:30:00
TXN000704,M001,c88a6ec92ebc81fe,178.58,wallet,BANK_TIMEOUT,temporary_bank_or_network,1,0.475,1,181,False,utilities,False,not_recovered,0.0,2026-06-14T05:40:00
TXN000705,M028,064cc3376df1bd31,366.34,card,GATEWAY_TIMEOUT,temporary_bank_or_network,2,0.176,1,541,False,utilities,False,not_recovered,0.0,2026-07-10T19:18:00
TXN000706,M011,b64ce2483531c221,485.71,upi,OTP_FAILED,authentication_failure,3,0.653,2,1069,False,utilities,False,not_recovered,0.0,2026-05-08T07:17:00
TXN000707,M024,d6476d5c8d8414c0,1743.51,upi,NETWORK_ERROR,temporary_bank_or_network,1,0.532,0,497,False,e_commerce,False,recovered,1743.51,2026-05-29T21:57:00
TXN000708,M015,a309a2283ba4618f,9929.14,netbanking,NETWORK_ERROR,temporary_bank_or_network,1,0.788,0,1053,False,education,False,recovered,9929.14,2026-06-22T08:31:00
TXN000709,M004,8c702823e2963859,1137.46,upi,NETWORK_ERROR,temporary_bank_or_network,1,0.691,0,820,False,utilities,False,recovered,1137.46,2026-05-19T01:53:00
TXN000710,M004,a4f73bc172d91a9d,1553.88,card,GATEWAY_TIMEOUT,temporary_bank_or_network,3,0.371,2,1088,False,utilities,False,recovered,1553.88,2026-05-22T21:08:00
TXN000711,M013,db9f137331b2c6d0,19429.65,upi,INSUFFICIENT_BALANCE,insufficient_funds,1,0.185,0,1329,False,education,False,recovered,19429.65,2026-07-09T03:44:00
TXN000712,M017,be0a9f997c5b73dc,1541.74,card,BANK_TIMEOUT,temporary_bank_or_network,1,0.589,0,109,False,e_commerce,False,recovered,1541.74,2026-07-01T21:46:00
TXN000713,M029,ec240b6102441d92,1323.45,card,INSUFFICIENT_BALANCE,insufficient_funds,1,0.758,1,1015,False,utilities,False,not_recovered,0.0,2026-05-16T14:11:00
TXN000714,M017,b358b2f3c775d1ea,989.02,upi,OTP_FAILED,authentication_failure,3,0.277,3,143,False,e_commerce,False,not_recovered,0.0,2026-06-03T19:10:00
TXN000715,M014,e0358be30a6bde19,2968.89,netbanking,BANK_TIMEOUT,temporary_bank_or_network,4,0.465,3,20,False,e_commerce,False,recovered,2968.89,2026-06-30T07:53:00
TXN000716,M019,93899ac8ad7337d0,1573.53,emi,FRAUD_SUSPECTED,suspected_risk,1,0.765,0,205,False,e_commerce,True,not_recovered,0.0,2026-06-04T07:16:00
TXN000717,M009,6b0d686a29ea7025,2005.42,netbanking,GATEWAY_TIMEOUT,temporary_bank_or_network,1,0.317,0,1061,False,utilities,False,not_recovered,0.0,2026-07-17T14:48:00
TXN000718,M001,b64ce2483531c221,187.61,card,UNKNOWN_ERROR,unknown,3,0.676,3,64,False,utilities,False,not_recovered,0.0,2026-06-06T11:44:00
TXN000719,M030,42498f6d8caedd9b,18311.53,upi,INVALID_CARD,expired_or_invalid_method,4,0.789,4,921,False,education,False,not_recovered,0.0,2026-06-17T12:42:00
TXN000720,M009,216b8815a1d82e49,938.69,card,NETWORK_ERROR,temporary_bank_or_network,2,0.478,2,888,False,utilities,False,recovered,938.69,2026-06-17T14:10:00
TXN000721,M030,6fbbc15c5df2b8dd,20758.01,card,INSUFFICIENT_BALANCE,insufficient_funds,1,0.644,0,622,False,education,False,not_recovered,0.0,2026-07-04T14:21:00
TXN000722,M016,9fdf85935c923206,524.26,netbanking,BANK_TIMEOUT,temporary_bank_or_network,1,0.094,0,581,False,food_delivery,False,not_recovered,0.0,2026-05-21T18:43:00
TXN000723,M005,b8f6304c1c7e259c,7069.0,upi,INSUFFICIENT_BALANCE,insufficient_funds,3,0.346,2,727,False,travel,False,not_recovered,0.0,2026-07-19T15:05:00
TXN000724,M006,c574f51425f4f4e4,332.99,wallet,INSUFFICIENT_BALANCE,insufficient_funds,3,0.441,2,278,False,subscription,False,not_recovered,0.0,2026-06-22T21:05:00
TXN000725,M015,337981dfccf2dfc3,25866.06,upi,NETWORK_ERROR,temporary_bank_or_network,2,0.311,1,1422,False,education,False,recovered,25866.06,2026-06-07T08:05:00
TXN000726,M001,4053849a3954d990,823.05,wallet,BANK_TIMEOUT,temporary_bank_or_network,2,0.686,1,620,False,utilities,False,recovered,823.05,2026-06-14T19:40:00
TXN000727,M029,e0f768d5e9ff8e1a,1389.62,card,BANK_TIMEOUT,temporary_bank_or_network,3,0.204,2,1061,False,utilities,False,recovered,1389.62,2026-05-09T20:21:00
TXN000728,M010,72610f080e826af8,1901.08,netbanking,INSUFFICIENT_BALANCE,insufficient_funds,1,0.353,0,1047,False,e_commerce,False,recovered,1901.08,2026-07-05T06:23:00
TXN000729,M016,f841c490f61eb6a8,342.62,upi,NETWORK_ERROR,temporary_bank_or_network,2,0.306,1,14,False,food_delivery,False,not_recovered,0.0,2026-07-12T03:24:00
TXN000730,M008,bf8262af6e095304,459.21,upi,BANK_TIMEOUT,temporary_bank_or_network,1,0.089,0,829,True,subscription,False,recovered,459.21,2026-07-01T05:21:00
TXN000731,M015,63a868473928c751,14506.13,emi,INSUFFICIENT_BALANCE,insufficient_funds,2,0.443,1,493,False,education,False,not_recovered,0.0,2026-06-24T14:08:00
TXN000732,M016,d6399ee346839909,167.36,upi,INVALID_CARD,expired_or_invalid_method,1,0.632,1,871,False,food_delivery,False,not_recovered,0.0,2026-07-16T04:45:00
TXN000733,M002,85f7093ed815c0c0,2377.77,upi,BANK_TIMEOUT,temporary_bank_or_network,3,0.595,2,568,False,e_commerce,True,not_recovered,0.0,2026-07-05T12:06:00
TXN000734,M017,a230f0555a918e4b,2689.46,netbanking,NETWORK_ERROR,temporary_bank_or_network,1,0.529,1,287,False,e_commerce,False,recovered,2689.46,2026-06-23T10:34:00
TXN000735,M016,0d6586429f899898,353.31,card,AUTO_DEBIT_FAILED,subscription_failure,1,0.851,1,1077,True,food_delivery,False,not_recovered,0.0,2026-05-18T02:56:00
TXN000736,M001,18962597ea9de602,442.73,card,NETWORK_ERROR,temporary_bank_or_network,2,0.705,1,475,False,utilities,False,not_recovered,0.0,2026-07-01T20:25:00
TXN000737,M029,d197ddd910970c7e,2113.7,upi,OTP_FAILED,authentication_failure,1,0.156,0,77,False,utilities,False,recovered,2113.7,2026-07-28T18:04:00
TXN000738,M013,a2ba3e48b70b6d10,20629.21,netbanking,UNKNOWN_ERROR,unknown,2,0.343,1,1391,False,education,False,not_recovered,0.0,2026-07-11T09:12:00
TXN000739,M007,3b60ada1bd2e1baa,283.95,wallet,CARD_EXPIRED,expired_or_invalid_method,2,0.087,1,11,True,subscription,False,not_recovered,0.0,2026-07-08T00:43:00
TXN000740,M021,1d18e5f3e50ea6d1,806.11,wallet,INSUFFICIENT_BALANCE,insufficient_funds,2,0.429,1,1145,True,subscription,False,not_recovered,0.0,2026-06-05T09:25:00
TXN000741,M019,7a87394ad02d019f,3453.59,card,BANK_TIMEOUT,temporary_bank_or_network,1,0.174,0,1232,False,e_commerce,False,not_recovered,0.0,2026-06-29T10:41:00
TXN000742,M028,049108352b5e1c1d,1357.19,wallet,AUTO_DEBIT_FAILED,subscription_failure,2,0.716,2,818,True,utilities,False,not_recovered,0.0,2026-07-17T04:07:00
TXN000743,M009,6fab99525032c3e6,1418.54,netbanking,BANK_TIMEOUT,temporary_bank_or_network,1,0.55,0,286,False,utilities,False,recovered,1418.54,2026-07-24T15:58:00
TXN000744,M019,a456b8f8e78db439,1064.9,card,INSUFFICIENT_BALANCE,insufficient_funds,1,0.605,0,166,False,e_commerce,False,not_recovered,0.0,2026-07-15T14:46:00
TXN000745,M016,683faf535d26509e,814.6,upi,NETWORK_ERROR,temporary_bank_or_network,1,0.577,0,467,False,food_delivery,True,not_recovered,0.0,2026-05-24T03:15:00
TXN000746,M024,b6fe03b0bd6b5c34,2328.75,upi,CARD_EXPIRED,expired_or_invalid_method,1,0.563,0,875,False,e_commerce,False,not_recovered,0.0,2026-07-16T03:00:00
TXN000747,M007,081d96418f415781,651.9,upi,INSUFFICIENT_BALANCE,insufficient_funds,1,0.212,1,1099,True,subscription,False,recovered,651.9,2026-07-24T21:24:00
TXN000748,M010,64a04e13cdb6308a,1791.13,upi,INSUFFICIENT_BALANCE,insufficient_funds,2,0.564,1,815,False,e_commerce,False,recovered,1791.13,2026-07-22T21:24:00
TXN000749,M016,7636d732b4847144,293.35,card,USER_CANCELLED,customer_abandonment,3,0.827,2,1130,False,food_delivery,False,not_recovered,0.0,2026-05-03T05:32:00
TXN000750,M029,e1303b77a80564eb,596.44,netbanking,OTP_FAILED,authentication_failure,2,0.495,1,1067,False,utilities,False,recovered,596.44,2026-07-05T19:49:00
TXN000751,M005,a456b8f8e78db439,12550.45,upi,UNKNOWN_ERROR,unknown,2,0.859,2,44,False,travel,False,not_recovered,0.0,2026-07-21T21:58:00
TXN000752,M016,f40087d79e2b2a31,488.23,upi,USER_CANCELLED,customer_abandonment,1,0.302,0,1352,False,food_delivery,False,not_recovered,0.0,2026-06-22T22:56:00
TXN000753,M001,2d97cc674dcb2888,328.89,emi,TIMEOUT_ABANDONED,customer_abandonment,3,0.122,3,1273,False,utilities,False,not_recovered,0.0,2026-07-24T20:17:00
TXN000754,M030,773419201757799b,20330.21,card,USER_CANCELLED,customer_abandonment,4,0.572,3,1063,False,education,False,not_recovered,0.0,2026-06-02T15:53:00
TXN000755,M026,d44a999782b79f86,317.11,upi,BANK_TIMEOUT,temporary_bank_or_network,1,0.305,0,562,True,subscription,False,recovered,317.11,2026-05-15T23:35:00
TXN000756,M011,45970978741a92de,317.93,wallet,FRAUD_SUSPECTED,suspected_risk,1,0.453,0,735,False,utilities,True,not_recovered,0.0,2026-07-04T10:04:00
TXN000757,M009,db7a3dd4b844c07b,1790.13,card,INSUFFICIENT_BALANCE,insufficient_funds,1,0.522,0,532,False,utilities,False,recovered,1790.13,2026-05-13T01:37:00
TXN000758,M002,e08c6c0163a6301c,2710.27,netbanking,OTP_FAILED,authentication_failure,3,0.435,3,467,False,e_commerce,True,recovered,2710.27,2026-06-28T15:13:00
TXN000759,M028,35ca98ed094517bf,1558.3,upi,CARD_EXPIRED,expired_or_invalid_method,1,0.214,0,909,False,utilities,False,recovered,1558.3,2026-05-05T09:49:00
TXN000760,M010,7840e7818ce0d348,2084.35,upi,BANK_TIMEOUT,temporary_bank_or_network,2,0.372,1,1336,False,e_commerce,False,recovered,2084.35,2026-06-24T02:47:00
TXN000761,M010,dc9a571e754cd8fa,1306.15,card,TIMEOUT_ABANDONED,customer_abandonment,1,0.262,1,1041,False,e_commerce,False,not_recovered,0.0,2026-05-18T22:54:00
TXN000762,M025,7a87394ad02d019f,50.0,upi,MANDATE_FAILED,subscription_failure,4,0.539,4,1123,False,education,False,not_recovered,0.0,2026-07-16T06:00:00
TXN000763,M022,a4293dcacb88fc70,21260.64,upi,CARD_EXPIRED,expired_or_invalid_method,1,0.565,0,500,False,education,False,not_recovered,0.0,2026-06-21T20:04:00
TXN000764,M029,1ad1cf6d37b3f6d8,50.0,netbanking,INSUFFICIENT_BALANCE,insufficient_funds,1,0.219,1,992,False,utilities,False,not_recovered,0.0,2026-06-08T16:10:00
TXN000765,M005,1f1bf872d2c8b307,7773.13,upi,GATEWAY_TIMEOUT,temporary_bank_or_network,3,0.361,3,534,False,travel,False,not_recovered,0.0,2026-05-28T18:57:00
TXN000766,M025,0cf63fe58cd19d3b,18152.8,netbanking,USER_CANCELLED,customer_abandonment,3,0.293,2,1136,False,education,False,not_recovered,0.0,2026-07-19T19:42:00
TXN000767,M001,65be21aa55e919a0,1054.0,upi,UNKNOWN_ERROR,unknown,1,0.911,1,726,False,utilities,False,not_recovered,0.0,2026-06-18T12:31:00
TXN000768,M024,5f7e9f4cf9f279fa,1167.79,upi,BANK_TIMEOUT,temporary_bank_or_network,3,0.771,2,893,False,e_commerce,False,not_recovered,0.0,2026-07-14T17:45:00
TXN000769,M027,d2a85520b879e8c8,537.29,upi,BANK_TIMEOUT,temporary_bank_or_network,3,0.633,3,929,False,utilities,False,recovered,537.29,2026-07-19T16:05:00
TXN000770,M019,f9db3189e4e2ba5e,2203.82,upi,USER_CANCELLED,customer_abandonment,2,0.335,1,366,False,e_commerce,False,not_recovered,0.0,2026-07-05T09:19:00
TXN000771,M020,5b198eea66221735,1381.64,card,BANK_TIMEOUT,temporary_bank_or_network,1,0.355,0,347,True,subscription,False,recovered,1381.64,2026-07-02T01:16:00
TXN000772,M018,4ec0c0b1a538f502,466.24,wallet,OTP_FAILED,authentication_failure,1,0.75,0,400,False,e_commerce,True,recovered,466.24,2026-07-28T11:24:00
TXN000773,M019,b8f11db1fe1291b4,1159.52,upi,OTP_FAILED,authentication_failure,1,0.202,0,246,False,e_commerce,False,recovered,1159.52,2026-06-26T01:11:00
TXN000774,M003,0462f5f070810420,2090.32,card,OTP_FAILED,authentication_failure,1,0.394,1,1051,False,e_commerce,False,not_recovered,0.0,2026-05-04T13:16:00
TXN000775,M004,3ee57b291d49a0dc,1220.47,upi,INSUFFICIENT_BALANCE,insufficient_funds,3,0.732,3,1300,False,utilities,False,recovered,1220.47,2026-07-03T01:01:00
TXN000776,M016,c2727d5f5139c116,748.86,upi,OTP_FAILED,authentication_failure,1,0.362,0,1058,False,food_delivery,False,recovered,748.86,2026-07-31T09:11:00
TXN000777,M007,cda7434c751c0783,1190.08,netbanking,BANK_TIMEOUT,temporary_bank_or_network,2,0.611,2,992,True,subscription,False,recovered,1190.08,2026-06-24T01:12:00
TXN000778,M013,7636d732b4847144,10647.24,card,CARD_EXPIRED,expired_or_invalid_method,1,0.497,0,589,False,education,False,not_recovered,0.0,2026-06-30T01:24:00
TXN000779,M011,57dac8968e8d5d2b,1144.1,netbanking,INSUFFICIENT_BALANCE,insufficient_funds,1,0.629,0,1002,False,utilities,False,recovered,1144.1,2026-07-04T10:03:00
TXN000780,M009,57b8aa96a1374abd,1065.7,upi,INSUFFICIENT_BALANCE,insufficient_funds,3,0.656,2,550,False,utilities,False,not_recovered,0.0,2026-05-11T22:27:00
TXN000781,M019,65be21aa55e919a0,50.0,upi,CARD_EXPIRED,expired_or_invalid_method,2,0.781,1,676,False,e_commerce,False,not_recovered,0.0,2026-06-13T20:56:00
TXN000782,M012,fd4a2ed8fb1c9f46,836.5,wallet,BANK_TIMEOUT,temporary_bank_or_network,1,0.28,0,322,False,utilities,False,not_recovered,0.0,2026-07-02T14:06:00
TXN000783,M011,1953fe4a5d4c40f3,646.19,netbanking,NETWORK_ERROR,temporary_bank_or_network,2,0.028,1,1079,False,utilities,False,recovered,646.19,2026-06-23T23:11:00
TXN000784,M008,1c3785b18e8f5f48,806.72,netbanking,GATEWAY_TIMEOUT,temporary_bank_or_network,2,0.61,2,553,True,subscription,False,recovered,806.72,2026-05-28T09:50:00
TXN000785,M018,bd39a817b99d931e,476.54,emi,BANK_TIMEOUT,temporary_bank_or_network,2,0.4,1,640,False,e_commerce,False,recovered,476.54,2026-06-03T17:05:00
TXN000786,M019,6bdd39670563ded0,2472.74,emi,INSUFFICIENT_BALANCE,insufficient_funds,1,0.764,0,990,False,e_commerce,False,recovered,2472.74,2026-05-28T15:40:00
TXN000787,M024,74bf6d8751ad101c,831.68,upi,MANDATE_FAILED,subscription_failure,2,0.6,1,814,True,e_commerce,False,recovered,831.68,2026-06-22T12:40:00
TXN000788,M003,823fd4b2beb621c6,2134.35,upi,CARD_EXPIRED,expired_or_invalid_method,1,0.339,0,826,False,e_commerce,False,recovered,2134.35,2026-05-20T16:04:00
TXN000789,M014,127ae0553f56165a,1729.85,emi,OTP_FAILED,authentication_failure,3,0.443,2,833,False,e_commerce,False,not_recovered,0.0,2026-05-30T05:23:00
TXN000790,M008,a6a5ce4737be2dde,804.22,netbanking,INSUFFICIENT_BALANCE,insufficient_funds,2,0.537,2,216,True,subscription,False,recovered,804.22,2026-07-15T23:33:00
TXN000791,M006,0cf63fe58cd19d3b,597.61,card,INSUFFICIENT_BALANCE,insufficient_funds,1,0.561,0,1075,False,subscription,False,recovered,597.61,2026-06-24T20:00:00
TXN000792,M030,11f77ce6bce34ddb,5560.61,card,CARD_EXPIRED,expired_or_invalid_method,2,0.365,1,595,False,education,False,not_recovered,0.0,2026-05-14T11:20:00
TXN000793,M015,d24ff28e68a0d2c7,15504.2,emi,TIMEOUT_ABANDONED,customer_abandonment,3,0.962,3,337,False,education,False,recovered,15504.2,2026-07-12T07:57:00
TXN000794,M010,e213540ebda2512a,1688.97,upi,NETWORK_ERROR,temporary_bank_or_network,1,0.196,0,960,False,e_commerce,False,not_recovered,0.0,2026-05-11T04:55:00
TXN000795,M001,26ccb3731d7a94e7,1905.35,card,GATEWAY_TIMEOUT,temporary_bank_or_network,3,0.445,2,1279,False,utilities,False,not_recovered,0.0,2026-07-06T21:22:00
TXN000796,M007,79be4b4f52341155,445.56,netbanking,NETWORK_ERROR,temporary_bank_or_network,1,0.677,1,677,True,subscription,False,not_recovered,0.0,2026-05-15T14:33:00
TXN000797,M020,e2f42113de792a62,593.41,upi,NETWORK_ERROR,temporary_bank_or_network,1,0.447,0,301,True,subscription,False,recovered,593.41,2026-07-25T19:20:00
TXN000798,M022,b6bed76be468b696,15025.59,wallet,INSUFFICIENT_BALANCE,insufficient_funds,1,0.317,0,790,False,education,False,not_recovered,0.0,2026-05-26T13:11:00
TXN000799,M027,eeb8bc02d152977f,1421.17,card,MANDATE_FAILED,subscription_failure,3,0.29,3,905,False,utilities,False,not_recovered,0.0,2026-06-06T01:45:00
TXN000800,M012,2a3ed450afd9270f,314.76,upi,3DS_FAILED,authentication_failure,1,0.387,0,392,False,utilities,False,recovered,314.76,2026-07-30T17:19:00
TXN000801,M001,5fd124b989afb2a8,1093.07,card,INSUFFICIENT_BALANCE,insufficient_funds,3,0.258,2,560,False,utilities,True,not_recovered,0.0,2026-05-03T15:22:00
TXN000802,M019,b6d4221b983af5b6,2814.74,card,USER_CANCELLED,customer_abandonment,3,0.561,3,970,False,e_commerce,False,not_recovered,0.0,2026-05-23T20:28:00
TXN000803,M029,5625db869a5ab0a5,1060.18,card,OTP_FAILED,authentication_failure,1,0.458,0,245,False,utilities,True,not_recovered,0.0,2026-05-23T14:32:00
TXN000804,M020,03210d37a49e88f7,518.17,upi,INSUFFICIENT_BALANCE,insufficient_funds,3,0.578,3,751,True,subscription,False,not_recovered,0.0,2026-06-10T09:48:00
TXN000805,M003,26ccb3731d7a94e7,2138.43,upi,RISK_BLOCKED,suspected_risk,1,0.22,1,92,False,e_commerce,True,not_recovered,0.0,2026-07-31T13:23:00
TXN000806,M011,2a3ed450afd9270f,1875.33,card,CARD_EXPIRED,expired_or_invalid_method,2,0.509,2,186,False,utilities,False,not_recovered,0.0,2026-06-21T03:50:00
TXN000807,M006,258e7272b15c41a4,759.12,netbanking,NETWORK_ERROR,temporary_bank_or_network,1,0.626,1,1395,True,subscription,False,recovered,759.12,2026-07-15T13:25:00
TXN000808,M006,bbcd02ab9261ffa6,486.64,upi,NETWORK_ERROR,temporary_bank_or_network,1,0.236,0,605,True,subscription,False,recovered,486.64,2026-07-20T07:17:00
TXN000809,M025,caabafba58b4e4b3,50.0,card,INSUFFICIENT_BALANCE,insufficient_funds,2,0.436,1,790,False,education,False,not_recovered,0.0,2026-05-10T00:44:00
TXN000810,M023,035e9f9858a68a72,5000.64,card,CARD_EXPIRED,expired_or_invalid_method,2,0.432,1,529,False,education,False,not_recovered,0.0,2026-07-17T06:22:00
TXN000811,M005,f548419ef3ab1db0,21968.39,card,INVALID_UPI_ID,expired_or_invalid_method,1,0.78,0,661,False,travel,False,not_recovered,0.0,2026-06-19T12:31:00
TXN000812,M030,d78e44e30056bb4f,4004.43,card,GATEWAY_TIMEOUT,temporary_bank_or_network,1,0.596,0,1263,False,education,False,recovered,4004.43,2026-06-06T10:23:00
TXN000813,M024,3b1e864675defd75,2669.32,card,INVALID_UPI_ID,expired_or_invalid_method,1,0.635,0,480,False,e_commerce,False,not_recovered,0.0,2026-06-27T04:18:00
TXN000814,M017,65be21aa55e919a0,1175.59,upi,TIMEOUT_ABANDONED,customer_abandonment,3,0.571,3,1164,False,e_commerce,False,not_recovered,0.0,2026-06-19T22:10:00
TXN000815,M025,839fc3fa20774ab7,14027.75,card,3DS_FAILED,authentication_failure,1,0.56,0,411,False,education,False,recovered,14027.75,2026-07-05T09:06:00
TXN000816,M022,d65a1df9a4f955d5,17912.23,upi,FRAUD_SUSPECTED,suspected_risk,1,0.13,0,1127,False,education,True,not_recovered,0.0,2026-06-01T01:12:00
TXN000817,M008,22ad430c9a02d762,332.88,upi,INSUFFICIENT_BALANCE,insufficient_funds,4,0.836,3,1382,True,subscription,False,not_recovered,0.0,2026-05-30T01:09:00
TXN000818,M008,cda7434c751c0783,736.97,upi,3DS_FAILED,authentication_failure,1,0.681,0,159,True,subscription,False,recovered,736.97,2026-07-07T22:30:00
TXN000819,M011,d197ddd910970c7e,1806.77,upi,INVALID_CARD,expired_or_invalid_method,1,0.493,0,985,False,utilities,True,not_recovered,0.0,2026-05-05T06:21:00
TXN000820,M003,9285c0e7bad32ae3,1557.22,upi,OTP_FAILED,authentication_failure,1,0.408,0,654,False,e_commerce,False,recovered,1557.22,2026-05-05T08:29:00
TXN000821,M022,9029d28344c32e29,22424.27,card,INSUFFICIENT_BALANCE,insufficient_funds,1,0.446,0,1237,False,education,False,not_recovered,0.0,2026-06-19T05:45:00
TXN000822,M006,47d6835ae187c49b,406.82,upi,CARD_EXPIRED,expired_or_invalid_method,2,0.478,1,1209,True,subscription,False,not_recovered,0.0,2026-05-14T08:29:00
TXN000823,M002,98190b8ca785203f,1102.72,upi,USER_CANCELLED,customer_abandonment,1,0.788,0,517,False,e_commerce,False,not_recovered,0.0,2026-06-27T17:54:00
TXN000824,M015,586e40eeb31d2f14,3596.63,upi,GATEWAY_TIMEOUT,temporary_bank_or_network,1,0.197,0,812,False,education,False,not_recovered,0.0,2026-07-19T19:42:00
TXN000825,M014,ade4ef4710112fc6,2574.39,card,INSUFFICIENT_BALANCE,insufficient_funds,1,0.535,1,1073,False,e_commerce,False,not_recovered,0.0,2026-05-15T02:14:00
TXN000826,M017,7a87394ad02d019f,2002.16,netbanking,INSUFFICIENT_BALANCE,insufficient_funds,2,0.222,1,527,False,e_commerce,False,not_recovered,0.0,2026-07-21T09:13:00
TXN000827,M019,c4e56d69827f8b4d,299.88,upi,OTHER,unknown,2,0.549,2,101,False,e_commerce,False,not_recovered,0.0,2026-05-04T17:40:00
TXN000828,M020,1fcf186210656d86,685.92,card,TIMEOUT_ABANDONED,customer_abandonment,1,0.495,0,1346,True,subscription,False,not_recovered,0.0,2026-05-16T02:20:00
TXN000829,M001,586e40eeb31d2f14,580.92,upi,NETWORK_ERROR,temporary_bank_or_network,2,0.77,2,1205,False,utilities,False,recovered,580.92,2026-05-21T23:35:00
TXN000830,M027,85f7093ed815c0c0,777.96,upi,NETWORK_ERROR,temporary_bank_or_network,3,0.454,2,1379,False,utilities,False,not_recovered,0.0,2026-05-08T04:30:00
TXN000831,M018,168c7ce51b84be83,1286.98,upi,BANK_TIMEOUT,temporary_bank_or_network,2,0.331,2,646,False,e_commerce,False,not_recovered,0.0,2026-05-13T12:00:00
TXN000832,M025,f7482e46097c3e63,15888.71,card,OTP_FAILED,authentication_failure,1,0.363,1,1101,False,education,False,recovered,15888.71,2026-07-16T20:42:00
TXN000833,M004,af541e626c8b60f9,493.48,wallet,GATEWAY_TIMEOUT,temporary_bank_or_network,3,0.764,3,721,False,utilities,False,recovered,493.48,2026-06-15T02:30:00
TXN000834,M021,57b8aa96a1374abd,799.5,netbanking,INSUFFICIENT_BALANCE,insufficient_funds,1,0.479,0,921,True,subscription,False,recovered,799.5,2026-06-10T14:10:00
TXN000835,M025,1de64c734f0fa208,8180.73,upi,INVALID_CARD,expired_or_invalid_method,2,0.518,1,857,False,education,False,not_recovered,0.0,2026-05-13T06:50:00
TXN000836,M024,95a5ed84b6eec0c2,854.98,wallet,MANDATE_FAILED,subscription_failure,1,0.655,1,759,True,e_commerce,True,not_recovered,0.0,2026-05-09T10:43:00
TXN000837,M028,1a9322b9cf835eb6,860.54,upi,INSUFFICIENT_BALANCE,insufficient_funds,2,0.556,1,410,False,utilities,False,recovered,860.54,2026-06-02T08:20:00
TXN000838,M008,df479e4bc4cb9e38,1213.13,upi,UNKNOWN_ERROR,unknown,1,0.855,1,327,True,subscription,False,not_recovered,0.0,2026-07-23T23:46:00
TXN000839,M014,0644008ea221eab4,2016.06,netbanking,OTHER,unknown,3,0.87,2,1101,False,e_commerce,False,not_recovered,0.0,2026-07-28T09:02:00
TXN000840,M010,2b8bffff287b9152,519.14,card,RISK_BLOCKED,suspected_risk,2,0.54,1,1048,False,e_commerce,True,not_recovered,0.0,2026-07-16T20:28:00
TXN000841,M027,33c2bb3ff689b0b6,1316.34,wallet,OTP_FAILED,authentication_failure,1,0.512,0,291,False,utilities,False,recovered,1316.34,2026-05-10T00:20:00
TXN000842,M016,b8198830933349ba,301.76,card,OTP_FAILED,authentication_failure,1,0.616,1,1433,False,food_delivery,False,recovered,301.76,2026-07-27T19:14:00
TXN000843,M008,9ba323d1f37963f7,519.44,wallet,CARD_EXPIRED,expired_or_invalid_method,1,0.396,1,974,True,subscription,False,not_recovered,0.0,2026-07-15T19:00:00
TXN000844,M009,ba0a4c017bddc1ef,892.06,wallet,BANK_TIMEOUT,temporary_bank_or_network,1,0.08,0,746,False,utilities,False,recovered,892.06,2026-05-26T10:09:00
TXN000845,M012,9f4ffa96b03dd3c3,1673.59,card,INVALID_UPI_ID,expired_or_invalid_method,1,0.62,1,994,False,utilities,False,not_recovered,0.0,2026-06-13T23:31:00
TXN000846,M008,216b8815a1d82e49,350.31,netbanking,NETWORK_ERROR,temporary_bank_or_network,2,0.72,2,731,True,subscription,False,not_recovered,0.0,2026-05-11T23:36:00
TXN000847,M026,f1948e8e3948f941,496.94,card,USER_CANCELLED,customer_abandonment,1,0.249,0,675,True,subscription,False,not_recovered,0.0,2026-05-24T21:18:00
TXN000848,M019,caabafba58b4e4b3,4077.61,card,GATEWAY_TIMEOUT,temporary_bank_or_network,1,0.56,1,502,False,e_commerce,False,not_recovered,0.0,2026-07-09T22:38:00
TXN000849,M009,ad543cb92642fec3,1311.8,netbanking,OTP_FAILED,authentication_failure,2,0.519,1,621,False,utilities,True,not_recovered,0.0,2026-06-02T20:39:00
TXN000850,M011,b6a538ced1bbe6e1,1988.61,wallet,NETWORK_ERROR,temporary_bank_or_network,1,0.288,0,1208,False,utilities,False,recovered,1988.61,2026-05-20T23:41:00
TXN000851,M004,1ad9e1a145be2b51,802.04,card,3DS_FAILED,authentication_failure,1,0.535,1,2,False,utilities,False,not_recovered,0.0,2026-06-19T06:42:00
TXN000852,M021,bc4ac78bf7d0fe4e,731.3,wallet,GATEWAY_TIMEOUT,temporary_bank_or_network,1,0.435,1,902,True,subscription,False,recovered,731.3,2026-07-08T07:22:00
TXN000853,M017,79c74427a45e9fc9,1154.26,upi,INSUFFICIENT_BALANCE,insufficient_funds,1,0.384,0,908,False,e_commerce,False,recovered,1154.26,2026-07-18T16:06:00
TXN000854,M011,a64097ac32c4166b,170.61,card,INSUFFICIENT_BALANCE,insufficient_funds,2,0.441,2,664,False,utilities,False,not_recovered,0.0,2026-07-10T18:37:00
TXN000855,M017,c6a75c801e7374f4,2238.37,upi,INVALID_CARD,expired_or_invalid_method,2,0.601,2,967,False,e_commerce,False,not_recovered,0.0,2026-06-16T13:15:00
TXN000856,M013,26852c25419e075e,8773.01,netbanking,BANK_TIMEOUT,temporary_bank_or_network,4,0.661,3,287,False,education,False,recovered,8773.01,2026-07-29T17:06:00
TXN000857,M010,3b1e864675defd75,1083.28,netbanking,BANK_TIMEOUT,temporary_bank_or_network,1,0.443,0,409,False,e_commerce,False,recovered,1083.28,2026-07-22T15:43:00
TXN000858,M024,79c74427a45e9fc9,1147.38,card,MANDATE_FAILED,subscription_failure,2,0.798,1,998,False,e_commerce,False,recovered,1147.38,2026-05-17T11:12:00
TXN000859,M011,543cbd39bc5ce487,1297.94,card,CARD_EXPIRED,expired_or_invalid_method,1,0.123,0,152,False,utilities,False,not_recovered,0.0,2026-07-12T03:53:00
TXN000860,M003,e779f9018040dd51,881.53,upi,GATEWAY_TIMEOUT,temporary_bank_or_network,2,0.396,2,597,False,e_commerce,False,not_recovered,0.0,2026-07-23T00:08:00
TXN000861,M028,4bda7df9747ee086,1704.13,upi,USER_CANCELLED,customer_abandonment,1,0.326,0,944,False,utilities,False,recovered,1704.13,2026-05-15T23:13:00
TXN000862,M014,ef4acabbe6eb9902,4077.81,upi,RISK_BLOCKED,suspected_risk,2,0.525,2,765,False,e_commerce,True,not_recovered,0.0,2026-07-27T06:48:00
TXN000863,M018,12a18716c68bb5fe,220.79,upi,GATEWAY_TIMEOUT,temporary_bank_or_network,1,0.65,0,1144,False,e_commerce,False,not_recovered,0.0,2026-07-20T04:25:00
TXN000864,M007,b6a538ced1bbe6e1,493.53,upi,3DS_FAILED,authentication_failure,1,0.942,0,312,True,subscription,False,recovered,493.53,2026-05-10T04:22:00
TXN000865,M023,012d14734a56c422,13118.29,upi,USER_CANCELLED,customer_abandonment,1,0.417,0,39,False,education,True,not_recovered,0.0,2026-05-18T00:59:00
TXN000866,M021,d4bee9b94eebe7f2,753.93,netbanking,3DS_FAILED,authentication_failure,1,0.51,1,304,True,subscription,False,not_recovered,0.0,2026-07-28T05:48:00
TXN000867,M025,b09f9e04a496a6ff,12426.98,wallet,CARD_EXPIRED,expired_or_invalid_method,4,0.9,3,1348,False,education,False,recovered,12426.98,2026-07-04T11:53:00
TXN000868,M015,63a868473928c751,22449.52,upi,RISK_BLOCKED,suspected_risk,1,0.861,0,428,False,education,True,not_recovered,0.0,2026-06-10T17:14:00
TXN000869,M027,d548e88528cee8e6,384.29,emi,BANK_TIMEOUT,temporary_bank_or_network,1,0.423,1,430,False,utilities,False,recovered,384.29,2026-06-21T09:50:00
TXN000870,M026,683faf535d26509e,627.95,netbanking,INSUFFICIENT_BALANCE,insufficient_funds,1,0.198,0,861,True,subscription,False,not_recovered,0.0,2026-06-16T11:42:00
TXN000871,M014,c015d12db4259337,3219.04,card,NETWORK_ERROR,temporary_bank_or_network,2,0.517,2,966,False,e_commerce,True,not_recovered,0.0,2026-07-26T19:12:00
TXN000872,M001,eb18f7e7a6b2c9e2,983.75,card,CARD_EXPIRED,expired_or_invalid_method,1,0.412,0,430,False,utilities,False,not_recovered,0.0,2026-06-14T02:56:00
TXN000873,M006,c70fd554d59b05d7,799.11,card,TIMEOUT_ABANDONED,customer_abandonment,2,0.53,2,225,False,subscription,False,not_recovered,0.0,2026-06-14T14:57:00
TXN000874,M001,2a5a4750c01a5031,1275.91,card,BANK_TIMEOUT,temporary_bank_or_network,1,0.893,1,96,False,utilities,False,recovered,1275.91,2026-05-25T18:13:00
TXN000875,M029,321be29a14024db3,886.17,upi,BANK_TIMEOUT,temporary_bank_or_network,4,0.717,3,851,False,utilities,False,recovered,886.17,2026-05-11T23:59:00
TXN000876,M029,f87780a5e2309df0,1126.27,upi,BANK_TIMEOUT,temporary_bank_or_network,2,0.813,1,198,False,utilities,False,recovered,1126.27,2026-05-19T17:19:00
TXN000877,M026,7840e7818ce0d348,775.81,upi,NETWORK_ERROR,temporary_bank_or_network,1,0.449,0,512,True,subscription,False,recovered,775.81,2026-06-02T01:12:00
TXN000878,M029,7a83854002bf6592,2007.33,emi,OTP_FAILED,authentication_failure,1,0.26,0,71,False,utilities,False,not_recovered,0.0,2026-05-12T22:22:00
TXN000879,M001,7840e7818ce0d348,1442.27,card,INVALID_CARD,expired_or_invalid_method,3,0.242,2,1172,False,utilities,False,not_recovered,0.0,2026-05-19T10:10:00
TXN000880,M020,44fc98fcf20bfc8e,449.15,card,CARD_EXPIRED,expired_or_invalid_method,1,0.631,1,382,True,subscription,False,not_recovered,0.0,2026-05-30T05:16:00
TXN000881,M028,ac43cd7894129a96,1295.04,upi,OTP_FAILED,authentication_failure,1,0.226,0,1113,False,utilities,False,recovered,1295.04,2026-05-22T13:55:00
TXN000882,M015,6b744a851dc11f55,23208.31,netbanking,CARD_EXPIRED,expired_or_invalid_method,4,0.501,4,1047,False,education,False,not_recovered,0.0,2026-07-03T23:26:00
TXN000883,M017,bd39a817b99d931e,2343.54,wallet,CARD_EXPIRED,expired_or_invalid_method,1,0.581,0,472,False,e_commerce,False,not_recovered,0.0,2026-05-05T18:21:00
TXN000884,M008,bd39a817b99d931e,596.78,card,CARD_EXPIRED,expired_or_invalid_method,1,0.619,0,821,False,subscription,False,not_recovered,0.0,2026-06-08T07:45:00
TXN000885,M010,201f07de26bbfcc8,3178.74,netbanking,BANK_TIMEOUT,temporary_bank_or_network,2,0.617,2,1256,False,e_commerce,False,not_recovered,0.0,2026-05-31T18:32:00
TXN000886,M008,0e589701a3e5f47b,805.13,upi,3DS_FAILED,authentication_failure,1,0.299,0,464,True,subscription,False,not_recovered,0.0,2026-06-10T19:48:00
TXN000887,M022,bd39a817b99d931e,2259.21,netbanking,NETWORK_ERROR,temporary_bank_or_network,1,0.386,0,241,False,education,False,recovered,2259.21,2026-07-02T01:28:00
TXN000888,M018,0364e46df735f21f,1565.32,upi,NETWORK_ERROR,temporary_bank_or_network,3,0.307,3,84,False,e_commerce,False,not_recovered,0.0,2026-07-17T02:37:00
TXN000889,M029,6b0d686a29ea7025,1263.91,upi,OTP_FAILED,authentication_failure,1,0.41,0,1227,False,utilities,False,recovered,1263.91,2026-05-03T09:15:00
TXN000890,M028,79be4b4f52341155,2366.91,netbanking,FRAUD_SUSPECTED,suspected_risk,2,0.485,1,1366,False,utilities,False,not_recovered,0.0,2026-07-21T23:34:00
TXN000891,M008,4de9b30d2ff14047,752.05,card,INSUFFICIENT_BALANCE,insufficient_funds,2,0.912,1,1000,True,subscription,False,recovered,752.05,2026-05-07T10:57:00
TXN000892,M027,4b895fd593d43f6e,703.14,upi,CARD_EXPIRED,expired_or_invalid_method,1,0.517,0,1237,False,utilities,False,not_recovered,0.0,2026-07-26T12:09:00
TXN000893,M015,d1cb2a2e52477d94,24577.26,upi,USER_CANCELLED,customer_abandonment,1,0.721,0,885,False,education,False,not_recovered,0.0,2026-06-19T20:38:00
TXN000894,M001,354641072f7a09a4,1324.51,upi,FRAUD_SUSPECTED,suspected_risk,1,0.659,1,510,False,utilities,True,not_recovered,0.0,2026-06-20T08:22:00
TXN000895,M025,e3c2c88fd109f254,19152.77,netbanking,NETWORK_ERROR,temporary_bank_or_network,2,0.694,2,714,False,education,False,recovered,19152.77,2026-06-16T02:58:00
TXN000896,M008,484f4ed0672cd2c8,911.63,netbanking,RISK_BLOCKED,suspected_risk,2,0.514,2,1310,True,subscription,True,not_recovered,0.0,2026-06-28T07:26:00
TXN000897,M029,6928f61abd9f7f80,963.31,upi,OTP_FAILED,authentication_failure,4,0.103,3,636,False,utilities,False,not_recovered,0.0,2026-05-24T17:56:00
TXN000898,M007,156555c6b50bea16,233.98,netbanking,BANK_TIMEOUT,temporary_bank_or_network,3,0.499,2,697,True,subscription,False,not_recovered,0.0,2026-06-12T20:28:00
TXN000899,M029,e0f768d5e9ff8e1a,2257.45,card,INVALID_UPI_ID,expired_or_invalid_method,4,0.721,3,84,False,utilities,False,not_recovered,0.0,2026-07-03T00:17:00
TXN000900,M008,21d9b4ca2dba7883,1378.12,card,INVALID_CARD,expired_or_invalid_method,1,0.911,0,990,True,subscription,False,recovered,1378.12,2026-05-22T04:37:00
TXN000901,M017,ab59a9324f6da17a,1726.36,card,INSUFFICIENT_BALANCE,insufficient_funds,2,0.727,1,746,False,e_commerce,False,not_recovered,0.0,2026-07-01T13:05:00
TXN000902,M023,3a77883590865890,22186.32,card,INSUFFICIENT_BALANCE,insufficient_funds,3,0.393,3,264,False,education,False,not_recovered,0.0,2026-05-28T07:46:00
TXN000903,M027,ba0a4c017bddc1ef,1022.81,emi,OTP_FAILED,authentication_failure,2,0.899,2,459,False,utilities,False,recovered,1022.81,2026-05-29T03:50:00
TXN000904,M006,2c5bc90550a2c30c,555.38,wallet,CARD_EXPIRED,expired_or_invalid_method,1,0.591,0,131,True,subscription,False,recovered,555.38,2026-06-26T04:34:00
TXN000905,M001,2d576f5dd191da1f,1033.43,upi,INSUFFICIENT_BALANCE,insufficient_funds,2,0.601,1,926,False,utilities,False,recovered,1033.43,2026-05-27T10:07:00
TXN000906,M022,1889a8a2de45f00e,8954.99,card,USER_CANCELLED,customer_abandonment,4,0.535,3,246,False,education,False,not_recovered,0.0,2026-07-23T05:56:00
TXN000907,M007,dc478be453202a98,853.15,upi,UNKNOWN_ERROR,unknown,4,0.479,3,245,True,subscription,False,not_recovered,0.0,2026-05-05T10:47:00
TXN000908,M016,f52a706645c65684,577.57,emi,FRAUD_SUSPECTED,suspected_risk,1,0.531,0,517,False,food_delivery,True,not_recovered,0.0,2026-06-10T17:10:00
TXN000909,M021,31f1f472c7bd2692,472.63,upi,INSUFFICIENT_BALANCE,insufficient_funds,1,0.47,0,1141,True,subscription,True,recovered,472.63,2026-05-25T23:35:00
TXN000910,M001,54a74594370515bc,1460.73,upi,CARD_EXPIRED,expired_or_invalid_method,3,0.405,2,373,False,utilities,False,not_recovered,0.0,2026-07-19T00:41:00
TXN000911,M019,df479e4bc4cb9e38,2884.81,card,USER_CANCELLED,customer_abandonment,2,0.661,1,912,False,e_commerce,True,not_recovered,0.0,2026-07-16T13:22:00
TXN000912,M022,b51f62c857d3b658,17247.02,netbanking,INVALID_UPI_ID,expired_or_invalid_method,1,0.551,0,1256,False,education,False,not_recovered,0.0,2026-05-08T05:18:00
TXN000913,M004,b463afaaef29c93a,1401.48,netbanking,BANK_TIMEOUT,temporary_bank_or_network,1,0.529,0,386,False,utilities,False,recovered,1401.48,2026-05-31T01:30:00
TXN000914,M004,0644008ea221eab4,1253.88,upi,BANK_TIMEOUT,temporary_bank_or_network,2,0.633,2,1069,False,utilities,False,recovered,1253.88,2026-07-06T14:22:00
TXN000915,M007,656b01f6dc0f2176,402.12,upi,MANDATE_FAILED,subscription_failure,1,0.491,0,659,True,subscription,False,not_recovered,0.0,2026-06-25T00:40:00
TXN000916,M002,e213540ebda2512a,1311.01,emi,MANDATE_FAILED,subscription_failure,2,0.592,2,99,True,e_commerce,False,recovered,1311.01,2026-06-23T10:52:00
TXN000917,M002,ba159a51e26faf0a,3592.94,upi,OTP_FAILED,authentication_failure,1,0.595,0,92,False,e_commerce,False,not_recovered,0.0,2026-06-21T21:31:00
TXN000918,M019,b4a0b0253d5fa2fd,3079.57,netbanking,BANK_TIMEOUT,temporary_bank_or_network,1,0.203,1,493,False,e_commerce,False,not_recovered,0.0,2026-06-19T17:58:00
TXN000919,M012,9029d28344c32e29,879.69,card,BANK_TIMEOUT,temporary_bank_or_network,1,0.44,0,866,False,utilities,False,recovered,879.69,2026-05-09T14:42:00
TXN000920,M027,1953fe4a5d4c40f3,50.0,card,INSUFFICIENT_BALANCE,insufficient_funds,3,0.652,2,1230,False,utilities,True,not_recovered,0.0,2026-07-26T00:15:00
TXN000921,M023,321be29a14024db3,21109.05,card,BANK_TIMEOUT,temporary_bank_or_network,1,0.695,0,376,False,education,False,recovered,21109.05,2026-05-04T10:25:00
TXN000922,M028,1d64a7b2287f5c1a,2055.16,upi,GATEWAY_TIMEOUT,temporary_bank_or_network,2,0.853,1,178,False,utilities,False,not_recovered,0.0,2026-07-15T06:19:00
TXN000923,M004,2b6d5a637552c2bc,717.61,upi,NETWORK_ERROR,temporary_bank_or_network,3,0.389,2,139,False,utilities,False,not_recovered,0.0,2026-05-16T22:36:00
TXN000924,M007,d24ff28e68a0d2c7,386.49,card,OTP_FAILED,authentication_failure,1,0.646,0,360,True,subscription,False,recovered,386.49,2026-05-10T22:05:00
TXN000925,M010,fec7cea38add8fe0,2412.76,emi,BANK_TIMEOUT,temporary_bank_or_network,1,0.529,0,52,False,e_commerce,False,recovered,2412.76,2026-05-21T18:31:00
TXN000926,M002,2b6d5a637552c2bc,2085.44,upi,OTP_FAILED,authentication_failure,1,0.369,1,659,False,e_commerce,False,recovered,2085.44,2026-07-18T00:39:00
TXN000927,M019,c219a69c71e8ab32,2964.15,upi,RISK_BLOCKED,suspected_risk,2,0.81,1,73,False,e_commerce,True,not_recovered,0.0,2026-05-19T02:00:00
TXN000928,M013,137b448f549cd497,19860.69,upi,TIMEOUT_ABANDONED,customer_abandonment,1,0.479,0,1304,False,education,False,not_recovered,0.0,2026-07-12T08:30:00
TXN000929,M005,59d1521a08f030c7,5544.56,emi,INVALID_CARD,expired_or_invalid_method,1,0.941,0,754,False,travel,False,not_recovered,0.0,2026-06-09T05:32:00
TXN000930,M005,35ca98ed094517bf,10580.19,upi,NETWORK_ERROR,temporary_bank_or_network,1,0.456,0,796,False,travel,False,recovered,10580.19,2026-05-07T10:24:00
TXN000931,M008,af6154f15223e640,626.95,card,OTP_FAILED,authentication_failure,4,0.639,4,949,True,subscription,False,recovered,626.95,2026-07-04T10:36:00
TXN000932,M021,93f75a60b7878af8,293.89,wallet,GATEWAY_TIMEOUT,temporary_bank_or_network,2,0.306,2,692,True,subscription,False,recovered,293.89,2026-06-12T06:21:00
TXN000933,M001,3eef244e9eda0753,239.82,netbanking,INSUFFICIENT_BALANCE,insufficient_funds,2,0.832,1,320,False,utilities,False,recovered,239.82,2026-06-21T08:01:00
TXN000934,M025,6b0d686a29ea7025,8877.97,wallet,INSUFFICIENT_BALANCE,insufficient_funds,4,0.579,4,73,False,education,False,recovered,8877.97,2026-07-21T23:17:00
TXN000935,M002,2a5a4750c01a5031,2950.85,card,USER_CANCELLED,customer_abandonment,1,0.177,0,437,False,e_commerce,False,not_recovered,0.0,2026-06-04T07:48:00
TXN000936,M010,b6285dee1f5070b2,2306.82,card,3DS_FAILED,authentication_failure,1,0.141,0,1267,False,e_commerce,False,not_recovered,0.0,2026-05-12T07:59:00
TXN000937,M028,ae348aa1b4bb06b0,770.4,netbanking,UNKNOWN_ERROR,unknown,2,0.503,1,81,False,utilities,False,not_recovered,0.0,2026-07-29T04:00:00
TXN000938,M030,78a9609ce370ae67,19982.8,card,INVALID_UPI_ID,expired_or_invalid_method,1,0.958,0,1161,False,education,False,recovered,19982.8,2026-07-21T11:23:00
TXN000939,M010,74bf6d8751ad101c,2155.57,upi,TIMEOUT_ABANDONED,customer_abandonment,1,0.416,1,599,False,e_commerce,False,not_recovered,0.0,2026-05-29T23:28:00
TXN000940,M006,9a75f70711f4628a,560.47,upi,USER_CANCELLED,customer_abandonment,1,0.464,1,653,True,subscription,False,not_recovered,0.0,2026-07-01T00:06:00
TXN000941,M014,040c919bd253aa2b,29093.24,upi,BANK_TIMEOUT,temporary_bank_or_network,2,0.269,2,1130,False,e_commerce,True,recovered,29093.24,2026-06-23T11:01:00
TXN000942,M013,a456b8f8e78db439,2657.58,upi,OTP_FAILED,authentication_failure,1,0.569,0,870,False,education,False,not_recovered,0.0,2026-06-17T15:05:00
TXN000943,M009,610d64166af3d6db,1511.44,card,TIMEOUT_ABANDONED,customer_abandonment,3,0.859,2,1043,False,utilities,False,not_recovered,0.0,2026-06-30T21:28:00
TXN000944,M019,88109e1116322321,1868.01,wallet,3DS_FAILED,authentication_failure,3,0.73,2,699,False,e_commerce,False,not_recovered,0.0,2026-07-12T04:07:00
TXN000945,M015,46f553c099ee034e,14348.65,netbanking,3DS_FAILED,authentication_failure,1,0.097,0,167,False,education,False,recovered,14348.65,2026-05-05T16:03:00
TXN000946,M013,2592ad0c8d183dff,11777.9,upi,INVALID_UPI_ID,expired_or_invalid_method,1,0.602,0,382,False,education,False,not_recovered,0.0,2026-05-17T21:55:00
TXN000947,M003,e7acb14a82b0943c,2314.78,netbanking,UNKNOWN_ERROR,unknown,1,0.382,1,254,False,e_commerce,False,not_recovered,0.0,2026-07-02T18:28:00
TXN000948,M010,36c9afdadc9f7cb3,2065.48,card,CARD_EXPIRED,expired_or_invalid_method,1,0.298,0,494,False,e_commerce,False,recovered,2065.48,2026-05-05T15:25:00
TXN000949,M002,a230f0555a918e4b,2586.31,netbanking,INSUFFICIENT_BALANCE,insufficient_funds,3,0.719,2,164,False,e_commerce,False,not_recovered,0.0,2026-05-06T21:00:00
TXN000950,M030,6928f61abd9f7f80,10153.18,netbanking,OTP_FAILED,authentication_failure,2,0.648,1,654,False,education,False,not_recovered,0.0,2026-05-31T11:22:00
TXN000951,M011,41d7e16cfe020ed9,50.0,upi,OTHER,unknown,1,0.431,1,840,False,utilities,False,not_recovered,0.0,2026-06-10T08:11:00
TXN000952,M005,4cf91273ea73c092,11435.1,netbanking,OTP_FAILED,authentication_failure,1,0.831,0,782,False,travel,False,recovered,11435.1,2026-06-10T11:32:00
TXN000953,M022,89b0416a5755c4bb,17835.92,upi,NETWORK_ERROR,temporary_bank_or_network,4,0.243,3,307,False,education,False,recovered,17835.92,2026-05-22T14:32:00
TXN000954,M024,bd41718b52116bfb,2799.22,card,INSUFFICIENT_BALANCE,insufficient_funds,4,0.577,3,724,False,e_commerce,False,not_recovered,0.0,2026-06-20T07:44:00
TXN000955,M017,1fe9b7e91e50dbb5,1416.44,netbanking,3DS_FAILED,authentication_failure,1,0.794,0,694,False,e_commerce,False,recovered,1416.44,2026-07-15T05:56:00
TXN000956,M026,eb18f7e7a6b2c9e2,309.28,emi,INSUFFICIENT_BALANCE,insufficient_funds,1,0.308,0,669,False,subscription,False,not_recovered,0.0,2026-06-21T02:22:00
TXN000957,M026,1e909a90c1801f5c,999.68,wallet,CARD_EXPIRED,expired_or_invalid_method,1,0.934,0,1296,True,subscription,False,not_recovered,0.0,2026-06-30T07:20:00
TXN000958,M011,303f6387dd8ab1c3,702.39,netbanking,USER_CANCELLED,customer_abandonment,1,0.352,0,1006,False,utilities,False,not_recovered,0.0,2026-06-27T21:43:00
TXN000959,M026,543cbd39bc5ce487,320.13,upi,OTP_FAILED,authentication_failure,2,0.44,1,671,True,subscription,False,not_recovered,0.0,2026-06-21T07:28:00
TXN000960,M018,d3b8a35494295304,1005.04,upi,RISK_BLOCKED,suspected_risk,2,0.45,2,125,False,e_commerce,True,not_recovered,0.0,2026-05-28T14:22:00
TXN000961,M023,45c11109d45b1f05,50.0,upi,GATEWAY_TIMEOUT,temporary_bank_or_network,1,0.338,0,864,False,education,True,recovered,50.0,2026-05-12T10:58:00
TXN000962,M025,5b198eea66221735,18594.89,upi,BANK_TIMEOUT,temporary_bank_or_network,1,0.402,0,584,False,education,False,recovered,18594.89,2026-07-29T19:47:00
TXN000963,M016,553f471334a81011,585.54,netbanking,NETWORK_ERROR,temporary_bank_or_network,3,0.59,2,1324,False,food_delivery,False,recovered,585.54,2026-05-10T14:21:00
TXN000964,M002,303f6387dd8ab1c3,2915.5,emi,BANK_TIMEOUT,temporary_bank_or_network,2,0.712,1,287,False,e_commerce,False,not_recovered,0.0,2026-07-01T20:52:00
TXN000965,M011,31f1f472c7bd2692,923.54,netbanking,INSUFFICIENT_BALANCE,insufficient_funds,2,0.231,1,853,False,utilities,False,recovered,923.54,2026-07-05T08:42:00
TXN000966,M028,c4e56d69827f8b4d,1411.7,emi,NETWORK_ERROR,temporary_bank_or_network,1,0.305,1,1429,False,utilities,False,not_recovered,0.0,2026-07-03T16:04:00
TXN000967,M005,acdbc700572341f8,5635.62,card,INSUFFICIENT_BALANCE,insufficient_funds,1,0.345,1,594,False,travel,False,not_recovered,0.0,2026-07-26T17:11:00
TXN000968,M019,12a18716c68bb5fe,582.54,card,BANK_TIMEOUT,temporary_bank_or_network,2,0.695,2,337,False,e_commerce,False,not_recovered,0.0,2026-07-31T02:35:00
TXN000969,M018,d01be12376f14fb4,1770.56,upi,CARD_EXPIRED,expired_or_invalid_method,1,0.505,0,401,False,e_commerce,False,not_recovered,0.0,2026-07-28T08:48:00
TXN000970,M017,7cd8833167236bb2,2252.43,wallet,NETWORK_ERROR,temporary_bank_or_network,1,0.774,0,422,False,e_commerce,False,recovered,2252.43,2026-06-23T00:28:00
TXN000971,M027,b0f7217d5ad0fa88,1293.57,netbanking,INSUFFICIENT_BALANCE,insufficient_funds,1,0.56,1,517,False,utilities,False,not_recovered,0.0,2026-06-19T16:58:00
TXN000972,M024,f01d6f07ca78dff9,1821.16,wallet,INSUFFICIENT_BALANCE,insufficient_funds,1,0.7,0,1223,False,e_commerce,False,not_recovered,0.0,2026-06-30T21:21:00
TXN000973,M028,b6d4221b983af5b6,1463.36,netbanking,INVALID_UPI_ID,expired_or_invalid_method,3,0.617,2,782,False,utilities,False,not_recovered,0.0,2026-05-10T17:30:00
TXN000974,M012,082a46841deda6ff,1134.51,netbanking,GATEWAY_TIMEOUT,temporary_bank_or_network,2,0.834,1,619,False,utilities,False,not_recovered,0.0,2026-07-05T19:54:00
TXN000975,M022,b6d4221b983af5b6,23737.6,card,USER_CANCELLED,customer_abandonment,4,0.05,3,481,False,education,False,not_recovered,0.0,2026-07-29T00:01:00
TXN000976,M023,5625db869a5ab0a5,7436.16,emi,NETWORK_ERROR,temporary_bank_or_network,1,0.264,0,954,False,education,False,not_recovered,0.0,2026-05-19T22:30:00
TXN000977,M029,1e909a90c1801f5c,1548.22,netbanking,OTP_FAILED,authentication_failure,2,0.413,1,557,False,utilities,False,not_recovered,0.0,2026-05-09T22:30:00
TXN000978,M014,4053849a3954d990,3073.89,wallet,MANDATE_FAILED,subscription_failure,1,0.206,1,1225,True,e_commerce,False,not_recovered,0.0,2026-05-23T18:25:00
TXN000979,M024,db7a3dd4b844c07b,3328.66,upi,CARD_EXPIRED,expired_or_invalid_method,1,0.26,1,823,False,e_commerce,False,not_recovered,0.0,2026-05-06T07:08:00
TXN000980,M014,3b60ada1bd2e1baa,1641.07,wallet,INVALID_UPI_ID,expired_or_invalid_method,3,0.785,2,924,False,e_commerce,False,not_recovered,0.0,2026-07-10T22:33:00
TXN000981,M021,d6f1fa5596f0c8ae,155.66,card,INVALID_UPI_ID,expired_or_invalid_method,3,0.712,2,422,True,subscription,False,recovered,155.66,2026-05-28T05:26:00
TXN000982,M001,306d216aefd42dda,1877.34,upi,TIMEOUT_ABANDONED,customer_abandonment,2,0.712,1,686,False,utilities,False,not_recovered,0.0,2026-06-14T05:17:00
TXN000983,M027,0c9cc084fb48bedc,110.15,emi,NETWORK_ERROR,temporary_bank_or_network,1,0.838,0,463,False,utilities,False,not_recovered,0.0,2026-07-07T23:59:00
TXN000984,M026,1a8dbcd2684fc6a6,763.32,card,INSUFFICIENT_BALANCE,insufficient_funds,2,0.324,1,429,False,subscription,False,recovered,763.32,2026-07-07T23:12:00
TXN000985,M007,fee1cb131850988b,1003.88,upi,RISK_BLOCKED,suspected_risk,1,0.686,0,733,True,subscription,True,not_recovered,0.0,2026-06-14T16:54:00
TXN000986,M030,e592fc5bdb55ac58,15671.46,netbanking,INVALID_CARD,expired_or_invalid_method,2,0.261,2,655,False,education,False,not_recovered,0.0,2026-06-01T10:55:00
TXN000987,M014,8943983ecde9b657,1439.48,netbanking,MANDATE_FAILED,subscription_failure,4,0.263,3,178,True,e_commerce,False,not_recovered,0.0,2026-05-12T20:48:00
TXN000988,M008,51c3ecd8701e842a,566.12,upi,BANK_TIMEOUT,temporary_bank_or_network,2,0.314,1,22,True,subscription,False,not_recovered,0.0,2026-05-06T23:03:00
TXN000989,M017,42282b2f166bff12,2602.01,card,INSUFFICIENT_BALANCE,insufficient_funds,2,0.668,1,100,False,e_commerce,False,not_recovered,0.0,2026-06-04T14:00:00
TXN000990,M020,2a5a4750c01a5031,843.78,card,INSUFFICIENT_BALANCE,insufficient_funds,4,0.343,3,12,True,subscription,False,not_recovered,0.0,2026-05-09T17:59:00
TXN000991,M006,321be29a14024db3,915.93,upi,INSUFFICIENT_BALANCE,insufficient_funds,3,0.761,2,238,True,subscription,False,not_recovered,0.0,2026-05-20T23:12:00
TXN000992,M023,1f11e1473a8ac4c8,24450.83,card,BANK_TIMEOUT,temporary_bank_or_network,1,0.456,1,858,False,education,False,recovered,24450.83,2026-05-21T00:03:00
TXN000993,M009,d78e44e30056bb4f,1530.4,card,INSUFFICIENT_BALANCE,insufficient_funds,1,0.891,0,248,False,utilities,True,recovered,1530.4,2026-05-08T05:22:00
TXN000994,M003,46a08614feeae5e6,2098.91,card,CARD_EXPIRED,expired_or_invalid_method,1,0.19,0,273,False,e_commerce,False,not_recovered,0.0,2026-06-14T21:58:00
TXN000995,M017,c94801b88faf20e7,2183.92,upi,INVALID_UPI_ID,expired_or_invalid_method,1,0.282,0,984,False,e_commerce,False,not_recovered,0.0,2026-07-19T18:07:00
TXN000996,M018,fbe643e7dd3f5d3d,2746.43,netbanking,NETWORK_ERROR,temporary_bank_or_network,1,0.453,1,979,False,e_commerce,False,recovered,2746.43,2026-05-20T18:23:00
TXN000997,M027,6928f61abd9f7f80,544.67,card,MANDATE_FAILED,subscription_failure,1,0.182,0,809,True,utilities,True,not_recovered,0.0,2026-05-15T16:20:00
TXN000998,M020,d2a85520b879e8c8,50.0,card,USER_CANCELLED,customer_abandonment,2,0.381,1,1019,True,subscription,False,not_recovered,0.0,2026-07-28T09:46:00
TXN000999,M029,56eab9e7349423a5,679.01,netbanking,3DS_FAILED,authentication_failure,1,0.429,0,700,False,utilities,False,not_recovered,0.0,2026-06-01T06:33:00
TXN001000,M027,349bc136abefa32d,1082.55,upi,TIMEOUT_ABANDONED,customer_abandonment,2,0.462,2,691,False,utilities,False,not_recovered,0.0,2026-06-18T05:49:00
TXN001001,M009,7ccdd8deb96b30d1,691.66,card,TIMEOUT_ABANDONED,customer_abandonment,3,0.413,3,664,False,utilities,False,not_recovered,0.0,2026-06-19T06:20:00
TXN001002,M020,47d6835ae187c49b,488.08,netbanking,INVALID_CARD,expired_or_invalid_method,2,0.745,1,390,True,subscription,False,not_recovered,0.0,2026-05-23T05:08:00
TXN001003,M019,0644008ea221eab4,2330.52,card,NETWORK_ERROR,temporary_bank_or_network,2,0.422,1,1298,False,e_commerce,False,recovered,2330.52,2026-06-30T10:38:00
TXN001004,M019,0fe0020e012001c5,2986.43,wallet,CARD_EXPIRED,expired_or_invalid_method,1,0.098,1,772,False,e_commerce,False,recovered,2986.43,2026-07-31T21:44:00
TXN001005,M030,1fe9b7e91e50dbb5,22520.57,upi,INSUFFICIENT_BALANCE,insufficient_funds,4,0.666,4,862,False,education,False,not_recovered,0.0,2026-05-16T20:19:00
TXN001006,M004,d6fad48d237fdc8a,1399.65,card,NETWORK_ERROR,temporary_bank_or_network,1,0.056,0,221,False,utilities,False,recovered,1399.65,2026-07-19T00:34:00
TXN001007,M022,712575ef617366bc,7820.44,card,BANK_TIMEOUT,temporary_bank_or_network,1,0.502,1,493,False,education,False,not_recovered,0.0,2026-05-22T11:56:00
TXN001008,M018,83038a07fdcc591a,1007.98,card,INSUFFICIENT_BALANCE,insufficient_funds,1,0.41,0,329,False,e_commerce,False,recovered,1007.98,2026-06-27T07:25:00
TXN001009,M014,652c0f4d213d32ac,1374.26,card,GATEWAY_TIMEOUT,temporary_bank_or_network,2,0.599,1,7,False,e_commerce,False,recovered,1374.26,2026-06-12T08:47:00
TXN001010,M003,95a5ed84b6eec0c2,2905.76,netbanking,OTP_FAILED,authentication_failure,1,0.869,1,779,False,e_commerce,True,recovered,2905.76,2026-07-05T01:02:00
TXN001011,M017,ac43cd7894129a96,1448.3,card,INSUFFICIENT_BALANCE,insufficient_funds,1,0.415,1,421,False,e_commerce,False,not_recovered,0.0,2026-06-13T18:16:00
TXN001012,M011,35ca98ed094517bf,421.24,card,INSUFFICIENT_BALANCE,insufficient_funds,1,0.639,0,962,False,utilities,False,not_recovered,0.0,2026-05-20T15:41:00
TXN001013,M023,2c5bc90550a2c30c,19868.46,card,INSUFFICIENT_BALANCE,insufficient_funds,1,0.228,0,913,False,education,False,not_recovered,0.0,2026-06-15T15:08:00
TXN001014,M028,4de9b30d2ff14047,1445.32,upi,INVALID_CARD,expired_or_invalid_method,2,0.913,1,747,False,utilities,True,not_recovered,0.0,2026-07-11T20:51:00
TXN001015,M009,34152c0a424d827d,1440.95,upi,CARD_EXPIRED,expired_or_invalid_method,1,0.576,0,571,False,utilities,False,not_recovered,0.0,2026-07-23T16:06:00
TXN001016,M019,e7acb14a82b0943c,2650.1,card,GATEWAY_TIMEOUT,temporary_bank_or_network,1,0.566,0,401,False,e_commerce,False,not_recovered,0.0,2026-07-19T14:49:00
TXN001017,M004,2230f9223665b8a8,1031.77,card,CARD_EXPIRED,expired_or_invalid_method,1,0.542,0,504,False,utilities,False,not_recovered,0.0,2026-07-29T06:55:00
TXN001018,M005,286347a079618ffb,11458.05,card,BANK_TIMEOUT,temporary_bank_or_network,1,0.425,0,753,False,travel,False,recovered,11458.05,2026-06-30T08:29:00
TXN001019,M008,1a9322b9cf835eb6,467.72,upi,INVALID_CARD,expired_or_invalid_method,1,0.212,0,1084,True,subscription,False,not_recovered,0.0,2026-06-10T06:05:00
TXN001020,M017,6d3b84dc924fef27,989.65,upi,3DS_FAILED,authentication_failure,2,0.328,2,835,False,e_commerce,False,recovered,989.65,2026-07-15T22:46:00
TXN001021,M012,9b42da889ba8280c,1200.82,netbanking,BANK_TIMEOUT,temporary_bank_or_network,3,0.375,2,645,False,utilities,False,not_recovered,0.0,2026-07-13T08:39:00
TXN001022,M024,d6fad48d237fdc8a,1172.84,upi,INVALID_CARD,expired_or_invalid_method,1,0.521,0,900,False,e_commerce,False,not_recovered,0.0,2026-06-02T11:20:00
TXN001023,M014,3645026c33418c5d,3383.13,netbanking,GATEWAY_TIMEOUT,temporary_bank_or_network,1,0.609,1,109,False,e_commerce,False,recovered,3383.13,2026-07-22T03:35:00
TXN001024,M018,b358b2f3c775d1ea,786.81,upi,BANK_TIMEOUT,temporary_bank_or_network,4,0.2,3,636,False,e_commerce,False,not_recovered,0.0,2026-07-19T19:02:00
TXN001025,M002,f84d6d3e8d163808,1268.34,upi,CARD_EXPIRED,expired_or_invalid_method,2,0.214,1,1256,False,e_commerce,False,recovered,1268.34,2026-05-26T04:01:00
TXN001026,M016,be0a9f997c5b73dc,322.37,upi,OTP_FAILED,authentication_failure,1,0.648,1,138,False,food_delivery,False,not_recovered,0.0,2026-06-13T12:44:00
TXN001027,M024,7a83854002bf6592,1935.18,netbanking,NETWORK_ERROR,temporary_bank_or_network,2,0.239,1,808,False,e_commerce,False,recovered,1935.18,2026-06-08T04:35:00
TXN001028,M029,bd39a817b99d931e,1225.58,emi,INSUFFICIENT_BALANCE,insufficient_funds,2,0.033,1,77,False,utilities,False,not_recovered,0.0,2026-07-23T16:32:00
TXN001029,M030,6528ea8aabff7765,14513.07,upi,BANK_TIMEOUT,temporary_bank_or_network,2,0.798,1,961,False,education,False,recovered,14513.07,2026-06-19T02:27:00
TXN001030,M022,0644008ea221eab4,24579.03,emi,OTP_FAILED,authentication_failure,3,0.124,2,990,False,education,False,not_recovered,0.0,2026-06-23T06:59:00
TXN001031,M002,c015d12db4259337,1815.49,upi,3DS_FAILED,authentication_failure,1,0.7,0,449,False,e_commerce,False,recovered,1815.49,2026-05-03T05:30:00
TXN001032,M013,49e600524b9154a8,31278.87,upi,CARD_EXPIRED,expired_or_invalid_method,1,0.322,0,1358,False,education,True,not_recovered,0.0,2026-07-24T09:08:00
TXN001033,M014,e2f42113de792a62,1303.24,netbanking,UNKNOWN_ERROR,unknown,1,0.177,0,1008,False,e_commerce,False,not_recovered,0.0,2026-07-01T14:14:00
TXN001034,M011,dca041263b4c9256,1452.43,emi,INVALID_UPI_ID,expired_or_invalid_method,2,0.091,1,18,False,utilities,False,not_recovered,0.0,2026-07-20T00:12:00
TXN001035,M001,6bdd39670563ded0,1044.96,upi,NETWORK_ERROR,temporary_bank_or_network,1,0.798,0,1434,False,utilities,False,recovered,1044.96,2026-06-19T20:36:00
TXN001036,M002,201f07de26bbfcc8,1686.98,upi,RISK_BLOCKED,suspected_risk,1,0.861,0,1005,False,e_commerce,True,recovered,1686.98,2026-05-14T06:03:00
TXN001037,M005,f4ae5ec275158741,9602.59,upi,INSUFFICIENT_BALANCE,insufficient_funds,3,0.672,2,197,False,travel,False,recovered,9602.59,2026-06-18T01:19:00
TXN001038,M015,1a1c5b66b0e2c503,21043.77,card,MANDATE_FAILED,subscription_failure,2,0.674,1,634,True,education,False,not_recovered,0.0,2026-06-02T18:56:00
TXN001039,M002,acd374b7ae809b84,540.83,upi,NETWORK_ERROR,temporary_bank_or_network,4,0.111,3,682,False,e_commerce,False,not_recovered,0.0,2026-07-16T02:01:00
TXN001040,M024,acafa99cefa71c5b,1115.27,upi,MANDATE_FAILED,subscription_failure,1,0.378,0,707,True,e_commerce,True,recovered,1115.27,2026-06-29T10:43:00
TXN001041,M022,2b8bffff287b9152,27083.71,card,3DS_FAILED,authentication_failure,3,0.23,2,865,False,education,False,not_recovered,0.0,2026-07-08T23:45:00
TXN001042,M009,bae4a8791d82a1b6,939.23,upi,BANK_TIMEOUT,temporary_bank_or_network,3,0.516,2,492,False,utilities,False,not_recovered,0.0,2026-06-26T17:06:00
TXN001043,M025,c82522b603e77150,19940.84,netbanking,INVALID_CARD,expired_or_invalid_method,2,0.188,2,989,False,education,False,not_recovered,0.0,2026-05-05T01:32:00
TXN001044,M009,a64097ac32c4166b,1122.73,upi,INSUFFICIENT_BALANCE,insufficient_funds,1,0.612,1,891,False,utilities,False,not_recovered,0.0,2026-07-26T08:29:00
TXN001045,M010,99fea4da4a996e39,3362.93,wallet,OTHER,unknown,1,0.37,0,1285,False,e_commerce,False,not_recovered,0.0,2026-06-02T03:14:00
TXN001046,M027,321be29a14024db3,1633.88,card,INSUFFICIENT_BALANCE,insufficient_funds,1,0.834,1,1369,False,utilities,False,not_recovered,0.0,2026-06-28T23:52:00
TXN001047,M027,137b448f549cd497,26020.85,upi,GATEWAY_TIMEOUT,temporary_bank_or_network,1,0.881,0,561,False,utilities,False,recovered,26020.85,2026-05-11T13:33:00
TXN001048,M016,ab59a9324f6da17a,134.99,upi,NETWORK_ERROR,temporary_bank_or_network,2,0.817,1,797,False,food_delivery,False,recovered,134.99,2026-05-23T01:37:00
TXN001049,M003,2786832b1d1b8194,1617.68,upi,INVALID_CARD,expired_or_invalid_method,4,0.515,3,529,False,e_commerce,False,not_recovered,0.0,2026-06-07T17:03:00
TXN001050,M025,a76bd36218abd356,20578.96,netbanking,GATEWAY_TIMEOUT,temporary_bank_or_network,1,0.358,1,319,False,education,False,recovered,20578.96,2026-07-31T15:50:00
TXN001051,M025,0acf96494b4a9f70,23017.72,upi,AUTO_DEBIT_FAILED,subscription_failure,1,0.668,0,1095,True,education,False,not_recovered,0.0,2026-07-21T11:51:00
TXN001052,M013,7cef1a9d405e5372,22730.49,upi,CARD_EXPIRED,expired_or_invalid_method,1,0.766,0,177,False,education,False,not_recovered,0.0,2026-06-18T18:32:00
TXN001053,M007,4f17be2ede21e8ba,53.35,netbanking,OTHER,unknown,1,0.823,0,886,True,subscription,False,not_recovered,0.0,2026-07-07T02:49:00
TXN001054,M024,befeff58d1dea53c,1671.76,card,UNKNOWN_ERROR,unknown,2,0.857,2,1142,False,e_commerce,False,not_recovered,0.0,2026-05-10T11:25:00
TXN001055,M015,e213540ebda2512a,21519.04,upi,BANK_TIMEOUT,temporary_bank_or_network,1,0.791,1,852,False,education,False,recovered,21519.04,2026-07-14T20:44:00
TXN001056,M004,f841c490f61eb6a8,1224.39,upi,INSUFFICIENT_BALANCE,insufficient_funds,2,0.533,2,1280,False,utilities,False,recovered,1224.39,2026-05-11T13:11:00
TXN001057,M014,e0f768d5e9ff8e1a,1422.8,upi,BANK_TIMEOUT,temporary_bank_or_network,1,0.832,0,1426,False,e_commerce,False,not_recovered,0.0,2026-06-09T21:28:00
TXN001058,M016,a44d56daf294b11b,539.02,upi,OTP_FAILED,authentication_failure,1,0.655,0,191,False,food_delivery,False,not_recovered,0.0,2026-05-15T03:33:00
TXN001059,M004,45970978741a92de,1009.04,upi,3DS_FAILED,authentication_failure,1,0.197,0,162,False,utilities,False,not_recovered,0.0,2026-05-23T21:17:00
TXN001060,M019,41d7e16cfe020ed9,3503.42,netbanking,GATEWAY_TIMEOUT,temporary_bank_or_network,2,0.252,1,84,False,e_commerce,False,recovered,3503.42,2026-07-20T01:33:00
TXN001061,M005,19a948971ac4d42f,7222.85,card,BANK_TIMEOUT,temporary_bank_or_network,4,0.292,3,961,False,travel,False,recovered,7222.85,2026-05-21T15:33:00
TXN001062,M021,74b8fdd2b1568680,679.45,upi,OTP_FAILED,authentication_failure,3,0.463,2,347,True,subscription,False,recovered,679.45,2026-05-05T06:37:00
TXN001063,M022,caabafba58b4e4b3,5653.55,upi,USER_CANCELLED,customer_abandonment,2,0.482,2,1122,False,education,False,not_recovered,0.0,2026-05-25T14:01:00
TXN001064,M019,56d4ce4be26a5bcf,2330.16,card,TIMEOUT_ABANDONED,customer_abandonment,1,0.753,0,861,False,e_commerce,False,not_recovered,0.0,2026-07-31T20:06:00
TXN001065,M009,eb18f7e7a6b2c9e2,1254.61,emi,CARD_EXPIRED,expired_or_invalid_method,3,0.396,3,272,False,utilities,False,not_recovered,0.0,2026-07-22T00:40:00
TXN001066,M009,34499eefacc77367,1651.82,netbanking,CARD_EXPIRED,expired_or_invalid_method,2,0.403,2,847,False,utilities,False,not_recovered,0.0,2026-07-13T18:59:00
TXN001067,M028,553f471334a81011,930.02,upi,INSUFFICIENT_BALANCE,insufficient_funds,1,0.397,1,1359,False,utilities,False,recovered,930.02,2026-05-07T01:24:00
TXN001068,M009,cfeefcd5d665e208,893.57,card,BANK_TIMEOUT,temporary_bank_or_network,1,0.47,0,123,False,utilities,False,recovered,893.57,2026-07-05T09:54:00
TXN001069,M010,79be4b4f52341155,1589.56,card,NETWORK_ERROR,temporary_bank_or_network,2,0.658,1,1202,False,e_commerce,False,not_recovered,0.0,2026-06-26T07:44:00
TXN001070,M016,9890092e116a985b,601.5,upi,INSUFFICIENT_BALANCE,insufficient_funds,1,0.515,0,1130,False,food_delivery,False,not_recovered,0.0,2026-07-17T14:52:00
TXN001071,M023,5331938d6cf641bd,27551.57,wallet,GATEWAY_TIMEOUT,temporary_bank_or_network,2,0.383,1,1162,False,education,False,not_recovered,0.0,2026-06-30T01:12:00
TXN001072,M019,6d34997414089b11,3000.78,upi,TIMEOUT_ABANDONED,customer_abandonment,2,0.481,2,671,False,e_commerce,False,not_recovered,0.0,2026-06-08T04:37:00
TXN001073,M006,3e993cbbadaa52c9,822.18,card,OTP_FAILED,authentication_failure,1,0.695,1,1288,True,subscription,False,recovered,822.18,2026-07-19T11:02:00
TXN001074,M008,586e40eeb31d2f14,1433.33,wallet,BANK_TIMEOUT,temporary_bank_or_network,1,0.513,0,883,True,subscription,False,recovered,1433.33,2026-05-20T19:20:00
TXN001075,M007,f548419ef3ab1db0,663.83,emi,INSUFFICIENT_BALANCE,insufficient_funds,1,0.769,1,278,False,subscription,False,recovered,663.83,2026-07-30T03:57:00
TXN001076,M021,137b448f549cd497,881.68,card,USER_CANCELLED,customer_abandonment,3,0.462,3,1226,True,subscription,False,not_recovered,0.0,2026-07-01T22:30:00
TXN001077,M006,48eec03b1965abec,815.47,upi,TIMEOUT_ABANDONED,customer_abandonment,4,0.494,3,1032,True,subscription,False,not_recovered,0.0,2026-06-17T11:50:00
TXN001078,M006,a5447cc28b1f7be4,489.89,card,OTP_FAILED,authentication_failure,2,0.224,2,322,False,subscription,False,not_recovered,0.0,2026-07-09T17:19:00
TXN001079,M010,826574eedc045831,1863.03,netbanking,BANK_TIMEOUT,temporary_bank_or_network,1,0.126,1,419,False,e_commerce,False,not_recovered,0.0,2026-06-06T18:45:00
TXN001080,M006,c6a75c801e7374f4,92.79,upi,INSUFFICIENT_BALANCE,insufficient_funds,1,0.789,0,223,True,subscription,False,recovered,92.79,2026-07-22T18:46:00
TXN001081,M023,65be21aa55e919a0,33769.12,upi,GATEWAY_TIMEOUT,temporary_bank_or_network,1,0.707,1,1212,False,education,False,recovered,33769.12,2026-07-11T03:43:00
TXN001082,M015,c46523a020609a44,4237.61,upi,NETWORK_ERROR,temporary_bank_or_network,3,0.27,2,439,False,education,False,recovered,4237.61,2026-07-29T17:19:00
TXN001083,M018,c03a72c6c78387ed,1123.78,upi,TIMEOUT_ABANDONED,customer_abandonment,3,0.462,2,111,False,e_commerce,False,not_recovered,0.0,2026-05-31T10:32:00
TXN001084,M024,1f26f0b43e4be795,50.0,card,BANK_TIMEOUT,temporary_bank_or_network,1,0.52,0,104,False,e_commerce,False,recovered,50.0,2026-07-22T15:46:00
TXN001085,M017,1f1bf872d2c8b307,2059.05,card,BANK_TIMEOUT,temporary_bank_or_network,1,0.157,1,876,False,e_commerce,False,recovered,2059.05,2026-05-03T02:17:00
TXN001086,M015,f9af37eca92c602f,11497.16,card,INSUFFICIENT_BALANCE,insufficient_funds,2,0.53,1,338,False,education,False,recovered,11497.16,2026-06-18T22:59:00
TXN001087,M001,473d77496a591686,1538.6,upi,USER_CANCELLED,customer_abandonment,2,0.54,1,1305,False,utilities,False,not_recovered,0.0,2026-07-19T09:01:00
TXN001088,M012,5c8522a250f40cea,1393.51,card,3DS_FAILED,authentication_failure,2,0.088,2,724,False,utilities,False,not_recovered,0.0,2026-05-28T01:58:00
TXN001089,M006,c07d9647752dc635,711.59,card,CARD_EXPIRED,expired_or_invalid_method,2,0.484,2,157,True,subscription,False,not_recovered,0.0,2026-07-26T13:17:00
TXN001090,M014,f548419ef3ab1db0,1136.35,card,BANK_TIMEOUT,temporary_bank_or_network,2,0.774,1,774,False,e_commerce,False,recovered,1136.35,2026-06-15T06:24:00
TXN001091,M013,934e5eddddde81a1,5712.05,card,BANK_TIMEOUT,temporary_bank_or_network,1,0.751,0,757,False,education,False,recovered,5712.05,2026-06-13T22:35:00
TXN001092,M016,53da7a61918b90f5,761.25,wallet,INSUFFICIENT_BALANCE,insufficient_funds,1,0.707,1,1266,False,food_delivery,False,not_recovered,0.0,2026-05-13T02:17:00
TXN001093,M017,46a08614feeae5e6,2614.47,card,BANK_TIMEOUT,temporary_bank_or_network,1,0.897,0,518,False,e_commerce,False,recovered,2614.47,2026-07-31T15:05:00
TXN001094,M028,df479e4bc4cb9e38,1737.98,card,CARD_EXPIRED,expired_or_invalid_method,1,0.447,0,385,False,utilities,False,recovered,1737.98,2026-06-27T15:44:00
TXN001095,M023,b824196f76e3389f,11314.0,netbanking,INVALID_UPI_ID,expired_or_invalid_method,1,0.583,0,1366,False,education,False,recovered,11314.0,2026-06-08T19:33:00
TXN001096,M017,a2a1f5875aba5c63,2089.99,netbanking,NETWORK_ERROR,temporary_bank_or_network,1,0.478,0,800,False,e_commerce,False,recovered,2089.99,2026-06-12T18:40:00
TXN001097,M025,93899ac8ad7337d0,12450.02,upi,USER_CANCELLED,customer_abandonment,1,0.755,0,756,False,education,False,recovered,12450.02,2026-07-29T01:11:00
TXN001098,M014,79be4b4f52341155,1114.46,card,USER_CANCELLED,customer_abandonment,1,0.712,1,463,False,e_commerce,False,not_recovered,0.0,2026-05-21T00:12:00
TXN001099,M009,2a5a4750c01a5031,988.56,card,OTP_FAILED,authentication_failure,1,0.447,1,1410,False,utilities,False,recovered,988.56,2026-06-24T15:51:00
TXN001100,M025,4f663ce9e10cdb0f,25376.1,upi,NETWORK_ERROR,temporary_bank_or_network,1,0.512,1,809,False,education,False,recovered,25376.1,2026-07-18T20:56:00
TXN001101,M017,2a3ed450afd9270f,1393.14,card,OTP_FAILED,authentication_failure,2,0.512,2,494,False,e_commerce,False,recovered,1393.14,2026-06-10T02:02:00
TXN001102,M029,d487e646430ab10f,907.96,upi,USER_CANCELLED,customer_abandonment,2,0.765,1,1035,False,utilities,False,not_recovered,0.0,2026-06-12T20:45:00
TXN001103,M014,d8b96c2f0484d979,2220.36,upi,OTP_FAILED,authentication_failure,1,0.098,0,55,False,e_commerce,False,recovered,2220.36,2026-07-17T05:15:00
TXN001104,M030,0cc354954a0898e2,15654.52,upi,GATEWAY_TIMEOUT,temporary_bank_or_network,1,0.567,0,581,False,education,False,not_recovered,0.0,2026-06-08T23:54:00
TXN001105,M013,d6399ee346839909,8712.04,upi,INVALID_UPI_ID,expired_or_invalid_method,1,0.34,0,253,False,education,False,recovered,8712.04,2026-06-24T16:18:00
TXN001106,M011,a5447cc28b1f7be4,597.44,upi,INVALID_UPI_ID,expired_or_invalid_method,2,0.505,1,323,False,utilities,False,recovered,597.44,2026-05-28T18:58:00
TXN001107,M011,040c919bd253aa2b,50.0,netbanking,INSUFFICIENT_BALANCE,insufficient_funds,1,0.776,0,603,False,utilities,False,recovered,50.0,2026-06-15T02:29:00
TXN001108,M008,2423d3c765085297,439.63,wallet,TIMEOUT_ABANDONED,customer_abandonment,4,0.37,4,239,True,subscription,False,not_recovered,0.0,2026-07-29T22:34:00
TXN001109,M002,0644008ea221eab4,1660.96,netbanking,USER_CANCELLED,customer_abandonment,1,0.486,0,56,False,e_commerce,False,not_recovered,0.0,2026-07-04T20:36:00
TXN001110,M009,56312dba2e68bd14,986.14,card,INSUFFICIENT_BALANCE,insufficient_funds,3,0.493,3,223,False,utilities,False,not_recovered,0.0,2026-06-07T04:51:00
TXN001111,M007,a4293dcacb88fc70,1119.97,wallet,RISK_BLOCKED,suspected_risk,4,0.569,3,11,True,subscription,False,not_recovered,0.0,2026-07-01T07:44:00
TXN001112,M024,6de917ccf3e20eea,1654.0,upi,NETWORK_ERROR,temporary_bank_or_network,1,0.63,0,255,False,e_commerce,True,recovered,1654.0,2026-06-04T00:25:00
TXN001113,M002,683faf535d26509e,4736.04,upi,INSUFFICIENT_BALANCE,insufficient_funds,2,0.177,2,1176,False,e_commerce,False,not_recovered,0.0,2026-05-18T18:21:00
TXN001114,M019,23d9cbfc42af3ab9,2091.94,wallet,OTP_FAILED,authentication_failure,2,0.763,1,1132,False,e_commerce,False,not_recovered,0.0,2026-05-06T00:51:00
TXN001115,M003,bce73090a8dc2c76,1597.08,netbanking,GATEWAY_TIMEOUT,temporary_bank_or_network,1,0.608,0,1165,False,e_commerce,False,recovered,1597.08,2026-05-28T13:26:00
TXN001116,M028,6ee785b22401b7a2,1444.78,card,MANDATE_FAILED,subscription_failure,1,0.218,0,881,True,utilities,False,not_recovered,0.0,2026-07-24T10:05:00
TXN001117,M018,e2f42113de792a62,2088.79,upi,NETWORK_ERROR,temporary_bank_or_network,2,0.868,1,63,False,e_commerce,False,recovered,2088.79,2026-07-02T06:16:00
TXN001118,M022,6928f61abd9f7f80,19644.53,wallet,INVALID_CARD,expired_or_invalid_method,3,0.518,3,36,False,education,False,not_recovered,0.0,2026-07-31T12:15:00
TXN001119,M004,4cf91273ea73c092,1261.89,upi,USER_CANCELLED,customer_abandonment,2,0.445,1,302,False,utilities,False,not_recovered,0.0,2026-05-08T14:56:00
TXN001120,M019,d86c8f9e68691299,675.15,upi,INSUFFICIENT_BALANCE,insufficient_funds,2,0.248,1,873,False,e_commerce,False,not_recovered,0.0,2026-07-13T17:31:00
TXN001121,M011,b337b68d7c27dd68,933.44,card,GATEWAY_TIMEOUT,temporary_bank_or_network,1,0.274,0,1204,False,utilities,False,not_recovered,0.0,2026-07-26T23:00:00
TXN001122,M025,167efe72c62086f2,23302.26,card,BANK_TIMEOUT,temporary_bank_or_network,2,0.412,2,798,False,education,True,recovered,23302.26,2026-06-12T06:49:00
TXN001123,M007,e0358be30a6bde19,490.55,netbanking,RISK_BLOCKED,suspected_risk,1,0.216,0,1328,True,subscription,True,not_recovered,0.0,2026-06-20T22:09:00
TXN001124,M028,bce73090a8dc2c76,1989.73,upi,NETWORK_ERROR,temporary_bank_or_network,2,0.635,1,104,False,utilities,False,recovered,1989.73,2026-06-26T14:47:00
TXN001125,M015,d8c1ef21d6959b8e,9330.45,netbanking,INSUFFICIENT_BALANCE,insufficient_funds,1,0.806,0,844,False,education,False,not_recovered,0.0,2026-07-20T07:13:00
TXN001126,M030,d197ddd910970c7e,11078.27,emi,TIMEOUT_ABANDONED,customer_abandonment,4,0.651,4,540,False,education,True,not_recovered,0.0,2026-05-06T05:48:00
TXN001127,M007,51dd743f29ee2fea,739.63,netbanking,INSUFFICIENT_BALANCE,insufficient_funds,1,0.644,0,415,True,subscription,False,recovered,739.63,2026-07-21T08:10:00
TXN001128,M029,aae3045bd0874306,1130.19,upi,INVALID_CARD,expired_or_invalid_method,1,0.057,0,865,False,utilities,False,recovered,1130.19,2026-05-07T13:10:00
TXN001129,M019,168c7ce51b84be83,589.88,wallet,INSUFFICIENT_BALANCE,insufficient_funds,1,0.371,0,608,False,e_commerce,False,recovered,589.88,2026-05-18T12:59:00
TXN001130,M010,10ec282281b34bfa,1004.5,card,BANK_TIMEOUT,temporary_bank_or_network,3,0.635,2,485,False,e_commerce,False,recovered,1004.5,2026-07-18T10:25:00
TXN001131,M005,64afde3d398fd84c,3072.4,card,OTP_FAILED,authentication_failure,1,0.178,1,29,False,travel,False,not_recovered,0.0,2026-05-17T05:42:00
TXN001132,M007,c4e56d69827f8b4d,128.01,upi,CARD_EXPIRED,expired_or_invalid_method,1,0.585,1,1407,False,subscription,False,not_recovered,0.0,2026-06-07T16:06:00
TXN001133,M029,2ccc0f0dc0504fc9,1202.59,upi,FRAUD_SUSPECTED,suspected_risk,1,0.702,1,694,False,utilities,True,not_recovered,0.0,2026-05-03T03:55:00
TXN001134,M013,361300b57a5f048a,50.0,upi,INSUFFICIENT_BALANCE,insufficient_funds,2,0.679,1,830,False,education,False,not_recovered,0.0,2026-07-30T11:33:00
TXN001135,M005,c8031d015331c936,1828.54,wallet,INVALID_CARD,expired_or_invalid_method,1,0.479,0,327,False,travel,False,not_recovered,0.0,2026-06-19T05:36:00
TXN001136,M022,e61811cb5e3a4b44,24470.52,upi,INSUFFICIENT_BALANCE,insufficient_funds,1,0.646,0,357,False,education,True,recovered,24470.52,2026-06-20T04:38:00
TXN001137,M020,20948592f8072463,1101.43,emi,CARD_EXPIRED,expired_or_invalid_method,2,0.519,1,592,True,subscription,False,not_recovered,0.0,2026-07-27T12:43:00
TXN001138,M023,6c09907e684acb67,1323.53,netbanking,INVALID_CARD,expired_or_invalid_method,1,0.645,1,1040,False,education,False,recovered,1323.53,2026-06-23T03:20:00
TXN001139,M017,fd4a2ed8fb1c9f46,2535.04,card,INVALID_UPI_ID,expired_or_invalid_method,2,0.486,1,1040,False,e_commerce,False,not_recovered,0.0,2026-06-05T20:53:00
TXN001140,M029,457f9b7f08e13b68,50.0,emi,INSUFFICIENT_BALANCE,insufficient_funds,1,0.756,0,383,False,utilities,True,not_recovered,0.0,2026-06-26T11:01:00
TXN001141,M003,2faad977983c9bad,367.85,card,INSUFFICIENT_BALANCE,insufficient_funds,1,0.7,0,1177,False,e_commerce,False,not_recovered,0.0,2026-07-15T13:05:00
TXN001142,M024,a10744376600ff1a,1747.74,wallet,3DS_FAILED,authentication_failure,1,0.461,1,382,False,e_commerce,False,not_recovered,0.0,2026-06-14T22:14:00
TXN001143,M022,4bda7df9747ee086,12884.97,card,OTP_FAILED,authentication_failure,1,0.653,1,1166,False,education,True,not_recovered,0.0,2026-07-09T12:19:00
TXN001144,M006,f1948e8e3948f941,438.97,upi,INSUFFICIENT_BALANCE,insufficient_funds,1,0.719,0,381,True,subscription,False,not_recovered,0.0,2026-07-14T00:41:00
TXN001145,M009,0e589701a3e5f47b,1006.95,netbanking,RISK_BLOCKED,suspected_risk,1,0.724,0,1173,False,utilities,False,not_recovered,0.0,2026-05-05T12:49:00
TXN001146,M024,d6476d5c8d8414c0,2255.13,upi,NETWORK_ERROR,temporary_bank_or_network,4,0.372,3,827,False,e_commerce,False,not_recovered,0.0,2026-05-04T16:25:00
TXN001147,M022,ee2f70623a7cf136,23300.18,upi,BANK_TIMEOUT,temporary_bank_or_network,3,0.408,3,757,False,education,False,recovered,23300.18,2026-06-12T04:56:00
TXN001148,M025,ae16d2dc33a73b33,12396.69,netbanking,3DS_FAILED,authentication_failure,1,0.209,0,1287,False,education,False,recovered,12396.69,2026-05-27T04:19:00
TXN001149,M030,528f0cdbd53eddc8,15857.67,card,INVALID_UPI_ID,expired_or_invalid_method,1,0.613,0,1192,False,education,False,recovered,15857.67,2026-06-11T13:31:00
TXN001150,M004,fb0ca7531ff2a32a,954.96,upi,RISK_BLOCKED,suspected_risk,1,0.548,0,440,False,utilities,False,not_recovered,0.0,2026-05-25T20:41:00
TXN001151,M028,484f4ed0672cd2c8,985.28,upi,BANK_TIMEOUT,temporary_bank_or_network,4,0.551,3,1318,False,utilities,False,not_recovered,0.0,2026-06-16T17:57:00
TXN001152,M004,f1948e8e3948f941,2205.64,netbanking,INSUFFICIENT_BALANCE,insufficient_funds,1,0.796,1,14,False,utilities,False,not_recovered,0.0,2026-05-27T06:02:00
TXN001153,M013,5fceaa64c30afd66,29401.92,card,USER_CANCELLED,customer_abandonment,4,0.809,4,877,False,education,False,not_recovered,0.0,2026-06-08T08:39:00
TXN001154,M028,286347a079618ffb,869.55,netbanking,NETWORK_ERROR,temporary_bank_or_network,2,0.539,2,1371,False,utilities,False,not_recovered,0.0,2026-05-17T09:36:00
TXN001155,M011,773419201757799b,1039.54,upi,NETWORK_ERROR,temporary_bank_or_network,1,0.939,1,1420,False,utilities,False,recovered,1039.54,2026-07-26T22:33:00
TXN001156,M021,6c09907e684acb67,741.08,upi,INVALID_UPI_ID,expired_or_invalid_method,1,0.504,0,238,False,subscription,False,recovered,741.08,2026-07-23T16:54:00
TXN001157,M002,bce73090a8dc2c76,2451.55,upi,NETWORK_ERROR,temporary_bank_or_network,2,0.71,2,582,False,e_commerce,False,not_recovered,0.0,2026-05-17T02:51:00
TXN001158,M016,0462f5f070810420,1732.93,card,INSUFFICIENT_BALANCE,insufficient_funds,3,0.506,2,847,False,food_delivery,False,not_recovered,0.0,2026-05-27T18:17:00
TXN001159,M003,b66130922359c959,2355.15,upi,NETWORK_ERROR,temporary_bank_or_network,3,0.68,3,274,False,e_commerce,False,not_recovered,0.0,2026-05-10T23:46:00
TXN001160,M002,42498f6d8caedd9b,2031.65,netbanking,OTP_FAILED,authentication_failure,3,0.254,3,328,False,e_commerce,False,not_recovered,0.0,2026-06-17T23:11:00
TXN001161,M013,a1a268461a5fb92f,13689.22,card,OTP_FAILED,authentication_failure,2,0.843,1,984,False,education,False,recovered,13689.22,2026-06-27T07:30:00
TXN001162,M019,92852cc3b1ef645b,4217.52,upi,INSUFFICIENT_BALANCE,insufficient_funds,2,0.836,2,929,False,e_commerce,False,recovered,4217.52,2026-07-01T20:31:00
TXN001163,M006,21d9b4ca2dba7883,161.9,card,AUTO_DEBIT_FAILED,subscription_failure,1,0.443,0,445,True,subscription,False,recovered,161.9,2026-07-28T12:53:00
TXN001164,M019,eeb8bc02d152977f,50.0,card,OTP_FAILED,authentication_failure,3,0.766,2,1347,False,e_commerce,False,not_recovered,0.0,2026-06-23T15:57:00
TXN001165,M029,65be21aa55e919a0,716.56,netbanking,INSUFFICIENT_BALANCE,insufficient_funds,1,0.823,0,1107,False,utilities,False,recovered,716.56,2026-05-30T02:00:00
TXN001166,M016,3f269c6b8e3a5e36,383.51,card,NETWORK_ERROR,temporary_bank_or_network,1,0.756,0,535,False,food_delivery,False,recovered,383.51,2026-05-29T03:09:00
TXN001167,M029,422fb1de3540caa8,1482.33,wallet,INVALID_UPI_ID,expired_or_invalid_method,3,0.313,3,358,False,utilities,False,not_recovered,0.0,2026-05-16T08:01:00
TXN001168,M024,34499eefacc77367,2487.1,upi,NETWORK_ERROR,temporary_bank_or_network,2,0.545,1,1063,False,e_commerce,False,recovered,2487.1,2026-05-06T20:39:00
TXN001169,M024,3532d852d63fcf93,1405.76,card,CARD_EXPIRED,expired_or_invalid_method,1,0.41,0,1243,False,e_commerce,False,not_recovered,0.0,2026-05-20T09:03:00
TXN001170,M024,52d0dcded7a96135,872.8,emi,INVALID_CARD,expired_or_invalid_method,1,0.516,0,125,False,e_commerce,False,recovered,872.8,2026-07-26T17:07:00
TXN001171,M008,cda41be12b930d22,707.08,upi,INVALID_CARD,expired_or_invalid_method,3,0.39,3,711,True,subscription,False,not_recovered,0.0,2026-07-20T23:14:00
TXN001172,M006,87dd73744a244b16,776.0,upi,INVALID_CARD,expired_or_invalid_method,1,0.694,0,395,True,subscription,True,not_recovered,0.0,2026-07-31T04:20:00
TXN001173,M007,bd41718b52116bfb,936.98,upi,BANK_TIMEOUT,temporary_bank_or_network,1,0.683,0,237,False,subscription,False,recovered,936.98,2026-06-03T10:01:00
TXN001174,M002,2ccc0f0dc0504fc9,2726.62,upi,INVALID_UPI_ID,expired_or_invalid_method,2,0.249,1,215,False,e_commerce,False,not_recovered,0.0,2026-07-16T02:56:00
TXN001175,M024,081d96418f415781,1967.88,card,INVALID_CARD,expired_or_invalid_method,3,0.565,2,1276,False,e_commerce,False,not_recovered,0.0,2026-06-13T12:30:00
TXN001176,M006,5b9100938cb75459,843.79,upi,INVALID_CARD,expired_or_invalid_method,1,0.434,1,578,True,subscription,False,not_recovered,0.0,2026-07-29T04:57:00
TXN001177,M005,040c919bd253aa2b,17329.23,netbanking,USER_CANCELLED,customer_abandonment,2,0.566,1,588,False,travel,False,not_recovered,0.0,2026-06-15T12:04:00
TXN001178,M003,7340c84e983274dc,1979.83,card,3DS_FAILED,authentication_failure,1,0.457,1,1423,False,e_commerce,False,not_recovered,0.0,2026-07-19T16:12:00
TXN001179,M009,f4af42fabdfc3ab9,2609.11,upi,INSUFFICIENT_BALANCE,insufficient_funds,1,0.464,0,267,False,utilities,False,recovered,2609.11,2026-07-12T23:08:00
TXN001180,M002,cbe4058228c83948,2162.63,wallet,BANK_TIMEOUT,temporary_bank_or_network,2,0.363,1,124,False,e_commerce,False,recovered,2162.63,2026-06-05T21:06:00
TXN001181,M001,36c9afdadc9f7cb3,1116.76,card,NETWORK_ERROR,temporary_bank_or_network,1,0.738,0,220,False,utilities,False,recovered,1116.76,2026-05-05T02:27:00
TXN001182,M023,3a3b7d81d8525b1d,29946.96,wallet,BANK_TIMEOUT,temporary_bank_or_network,1,0.762,0,831,False,education,False,recovered,29946.96,2026-05-11T08:36:00
TXN001183,M010,f4ae5ec275158741,1786.09,card,INSUFFICIENT_BALANCE,insufficient_funds,2,0.399,1,354,False,e_commerce,False,not_recovered,0.0,2026-06-29T08:15:00
TXN001184,M018,5c1b9db110b2ae56,3527.61,card,3DS_FAILED,authentication_failure,2,0.165,2,845,False,e_commerce,False,not_recovered,0.0,2026-06-10T14:35:00
TXN001185,M006,d9feeeaa06e75916,697.24,upi,CARD_EXPIRED,expired_or_invalid_method,1,0.559,1,304,True,subscription,False,recovered,697.24,2026-07-24T08:11:00
TXN001186,M014,93f75a60b7878af8,1483.17,card,BANK_TIMEOUT,temporary_bank_or_network,1,0.154,1,98,False,e_commerce,False,recovered,1483.17,2026-05-25T14:36:00
TXN001187,M013,aa9f45b2563e92a4,11357.37,card,BANK_TIMEOUT,temporary_bank_or_network,1,0.373,0,1089,False,education,False,recovered,11357.37,2026-05-16T15:21:00
TXN001188,M018,aa9037324164a988,923.6,card,INSUFFICIENT_BALANCE,insufficient_funds,4,0.382,3,901,False,e_commerce,False,not_recovered,0.0,2026-06-11T09:06:00
TXN001189,M019,9dfe1fca6802c12d,1023.01,netbanking,CARD_EXPIRED,expired_or_invalid_method,3,0.436,3,118,False,e_commerce,False,not_recovered,0.0,2026-06-19T02:37:00
TXN001190,M026,1767ba55adc8bdc3,780.85,upi,BANK_TIMEOUT,temporary_bank_or_network,2,0.476,1,1342,True,subscription,False,not_recovered,0.0,2026-05-22T21:41:00
TXN001191,M023,0acf96494b4a9f70,8197.74,netbanking,CARD_EXPIRED,expired_or_invalid_method,1,0.532,1,353,False,education,True,not_recovered,0.0,2026-06-23T01:56:00
TXN001192,M030,a8afddad64875e00,9332.36,upi,3DS_FAILED,authentication_failure,1,0.643,0,407,False,education,False,recovered,9332.36,2026-07-16T09:51:00
TXN001193,M010,11c065a535fb7ac0,1186.68,netbanking,INSUFFICIENT_BALANCE,insufficient_funds,1,0.317,0,101,False,e_commerce,False,recovered,1186.68,2026-06-20T09:06:00
TXN001194,M017,ccc861c7dc9684b1,1506.59,upi,INVALID_UPI_ID,expired_or_invalid_method,3,0.23,3,541,False,e_commerce,False,not_recovered,0.0,2026-05-08T19:15:00
TXN001195,M017,826574eedc045831,1114.25,wallet,RISK_BLOCKED,suspected_risk,1,0.258,0,325,False,e_commerce,True,not_recovered,0.0,2026-06-28T20:46:00
TXN001196,M018,610d64166af3d6db,730.4,emi,GATEWAY_TIMEOUT,temporary_bank_or_network,2,0.584,2,1198,False,e_commerce,False,not_recovered,0.0,2026-07-17T21:09:00
TXN001197,M024,1f1bf872d2c8b307,3515.95,upi,INSUFFICIENT_BALANCE,insufficient_funds,2,0.718,1,145,False,e_commerce,False,not_recovered,0.0,2026-07-14T18:31:00
TXN001198,M029,2bf234fd7d4dd2c8,644.7,card,CARD_EXPIRED,expired_or_invalid_method,2,0.506,1,1039,False,utilities,False,recovered,644.7,2026-05-23T18:07:00
TXN001199,M018,30ccf9162290403f,2842.03,card,INSUFFICIENT_BALANCE,insufficient_funds,1,0.468,1,387,False,e_commerce,False,recovered,2842.03,2026-05-10T01:12:00
TXN001200,M029,bd41718b52116bfb,1611.59,upi,INVALID_CARD,expired_or_invalid_method,2,0.512,1,1034,False,utilities,False,not_recovered,0.0,2026-06-11T04:16:00
